Pulsed/ Streaming,Index Name,Base Currency,PDG,Availability,RussellTick,Bloomberg Ticker,Refinitiv RIC,,,
S,Russell 1000 Aerospace and Defense Sector Index,USD,PDG01RR,Real Time,R1ICBAOD,-,.R1ICBAOD,,,
S,Russell 1000 Aerospace and Defense Sector Index - Total Return,USD,PDG01RR,Real Time,R1ICBAODT,-,.R1ICBAODT,,,
S,Russell 1000 Automobiles and Parts Sector Index,USD,PDG01RR,Real Time,R1ICBAUP,-,.R1ICBAUP,,,
S,Russell 1000 Automobiles and Parts Sector Index - Total Return,USD,PDG01RR,Real Time,R1ICBAUPT,-,.R1ICBAUPT,,,
S,Russell 1000 Automobiles and Parts Supersector Index,USD,PDG01RR,Real Time,R1ICBAPS,-,.R1ICBAPS,,,
S,Russell 1000 Automobiles and Parts Supersector Index - Total Return,USD,PDG01RR,Real Time,R1ICBAPST,-,.R1ICBAPST,,,
S,Russell 1000 Banks Sector Index,USD,PDG01RR,Real Time,R1ICBBAN,-,.R1ICBBAN,,,
S,Russell 1000 Banks Sector Index - Total Return,USD,PDG01RR,Real Time,R1ICBBANT,-,.R1ICBBANT,,,
S,Russell 1000 Banks Supersector Index,USD,PDG01RR,Real Time,R1ICBBNK,-,.R1ICBBNK,,,
S,Russell 1000 Banks Supersector Index - Total Return,USD,PDG01RR,Real Time,R1ICBBNKT,-,.R1ICBBNKT,,,
S,Russell 1000 Basic Materials Industry Index,USD,PDG01RR,Real Time,R1ICBBM,-,.R1ICBBM,,,
S,Russell 1000 Basic Materials RIC 22.5/45 Capped Index,USD,PDG01RR,Real Time,RIYMC,-,.RIYMC,,,
S,Russell 1000 Basic Materials RIC 22.5/45 Capped Total Return Index,USD,PDG01RR,Real Time,RIYMCT,RIYMC1,.RIYMCT,,,
S,Russell 1000 Basic Resources Supersector Index,USD,PDG01RR,Real Time,R1ICBBR,-,.R1ICBBR,,,
S,Russell 1000 Beverages Sector Index,USD,PDG01RR,Real Time,R1ICBBEV,-,.R1ICBBEV,,,
S,Russell 1000 Beverages Sector Index - Total Return,USD,PDG01RR,Real Time,R1ICBBEVT,-,.R1ICBBEVT,,,
S,Russell 1000 Chemicals Sector Index,USD,PDG01RR,Real Time,R1ICBCHE,-,.R1ICBCHE,,,
S,Russell 1000 Chemicals Sector Index - Total Return,USD,PDG01RR,Real Time,R1ICBCHET,-,.R1ICBCHET,,,
S,Russell 1000 Chemicals Supersector Index,USD,PDG01RR,Real Time,R1ICBCML,-,.R1ICBCML,,,
S,Russell 1000 Chemicals Supersector Index - Total Return,USD,PDG01RR,Real Time,R1ICBCMLT,-,.R1ICBCMLT,,,
S,Russell 1000 Construction and Materials  Sector Index,USD,PDG01RR,Real Time,R1ICBCOM,-,.R1ICBCOM,,,
S,Russell 1000 Construction and Materials  Sector Index - Total Return,USD,PDG01RR,Real Time,R1ICBCOMT,-,.R1ICBCOMT,,,
S,Russell 1000 Construction and Materials Supersector Index,USD,PDG01RR,Real Time,R1ICBCMA,-,.R1ICBCMA,,,
S,Russell 1000 Construction and Materials Supersector Index - Total Return,USD,PDG01RR,Real Time,R1ICBCMAT,-,.R1ICBCMAT,,,
S,Russell 1000 Consumer Discretionary 40 Act 15/22.5 Daily Capped Index,USD,PDG01RR,Real Time,RIYCC,-,.RIYCC,,,
S,Russell 1000 Consumer Discretionary 40 Act 15/22.5 Daily Capped Total Return Index,USD,PDG01RR,Real Time,RIYCCT,RIYCC1,.RIYCCT,,,
S,Russell 1000 Consumer Discretionary Industry Index,USD,PDG01RR,Real Time,R1ICBCD,-,.R1ICBCD,,,
S,Russell 1000 Consumer Products and Services Supersector Index,USD,PDG01RR,Real Time,R1ICBCPS,-,.R1ICBCPS,,,
S,Russell 1000 Consumer Products and Services Supersector Index - Total Return,USD,PDG01RR,Real Time,R1ICBCPST,-,.R1ICBCPST,,,
S,Russell 1000 Consumer Services  Sector Index,USD,PDG01RR,Real Time,R1ICBCSV,-,.R1ICBCSV,,,
S,Russell 1000 Consumer Services  Sector Index - Total Return,USD,PDG01RR,Real Time,R1ICBCSVT,-,.R1ICBCSVT,,,
S,Russell 1000 Consumer Staples  Industry Index,USD,PDG01RR,Real Time,R1ICBCS,-,.R1ICBCS,,,
S,Russell 1000 Consumer Staples RIC 22.5/45 Capped Index,USD,PDG01RR,Real Time,RIYKC,-,.RIYKC,,,
S,Russell 1000 Consumer Staples RIC 22.5/45 Capped Total Return Index,USD,PDG01RR,Real Time,RIYKCT,RIYKC1,.RIYKCT,,,
S,Russell 1000 Electronic and Electrical Equipment Sector Index,USD,PDG01RR,Real Time,R1ICBEEE,-,.R1ICBEEE,,,
S,Russell 1000 Electronic and Electrical Equipment Sector Index - Total Return,USD,PDG01RR,Real Time,R1ICBEEET,-,.R1ICBEEET,,,
S,Russell 1000 Energy Industry Index,USD,PDG01RR,Real Time,R1ICBEN,-,.R1ICBEN,,,
S,Russell 1000 Energy RIC 22.5/45 Capped Index,USD,PDG01RR,Real Time,RIYEC,-,.RIYEC,,,
S,Russell 1000 Energy RIC 22.5/45 Capped Total Return Index,USD,PDG01RR,Real Time,RIYECT,RIYEC1,.RIYECT,,,
S,Russell 1000 Energy Supersector Index,USD,PDG01RR,Real Time,R1ICBENY,-,.R1ICBENY,,,
S,Russell 1000 Finance and Credit Services Sector Index,USD,PDG01RR,Real Time,R1ICBFCS,-,.R1ICBFCS,,,
S,Russell 1000 Finance and Credit Services Sector Index - Total Return,USD,PDG01RR,Real Time,R1ICBFCST,-,.R1ICBFCST,,,
S,Russell 1000 Financial Services  Supersector Index,USD,PDG01RR,Real Time,R1ICBFSV,-,.R1ICBFSV,,,
S,Russell 1000 Financial Services  Supersector Index - Total Return,USD,PDG01RR,Real Time,R1ICBFSVT,-,.R1ICBFSVT,,,
S,Russell 1000 Financials 40 Act 15/22.5 Daily Capped Index,USD,PDG01RR,Real Time,RIYFC,RIYFCP1,.RIYFC,,,
S,Russell 1000 Financials 40 Act 15/22.5 Daily Capped Total Return Index,USD,PDG01RR,Real Time,RIYFCT,RIYFC1,.RIYFCT,,,
S,Russell 1000 Financials Industry Index,USD,PDG01RR,Real Time,R1ICBFI,-,.R1ICBFI,,,
S,Russell 1000 Food Producers Sector Index,USD,PDG01RR,Real Time,R1ICBFOP,-,.R1ICBFOP,,,
S,Russell 1000 Food Producers Sector Index - Total Return,USD,PDG01RR,Real Time,R1ICBFOPT,-,.R1ICBFOPT,,,
S,"Russell 1000 Food, Beverage and Tobacco  Supersector Index",USD,PDG01RR,Real Time,R1ICBFBT,-,.R1ICBFBT,,,
S,"Russell 1000 Food, Beverage and Tobacco  Supersector Index - Total Return",USD,PDG01RR,Real Time,R1ICBFBTT,-,.R1ICBFBTT,,,
S,Russell 1000 General Industrials Sector Index,USD,PDG01RR,Real Time,R1ICBGEI,-,.R1ICBGEI,,,
S,Russell 1000 General Industrials Sector Index - Total Return,USD,PDG01RR,Real Time,R1ICBGEIT,-,.R1ICBGEIT,,,
S,Russell 1000 Health Care Industry Index,USD,PDG01RR,Real Time,R1ICBHC,-,.R1ICBHC,,,
S,Russell 1000 Health Care Providers Sector Index,USD,PDG01RR,Real Time,R1ICBHCP,-,.R1ICBHCP,,,
S,Russell 1000 Health Care Providers Sector Index - Total Return,USD,PDG01RR,Real Time,R1ICBHCPT,-,.R1ICBHCPT,,,
S,Russell 1000 Health Care RIC 22.5/45 Capped Index,USD,PDG01RR,Real Time,RIYHC,-,.RIYHC,,,
S,Russell 1000 Health Care RIC 22.5/45 Capped Total Return Index,USD,PDG01RR,Real Time,RIYHCT,RIYHC1,.RIYHCT,,,
S,Russell 1000 Health Care Supersector Index,USD,PDG01RR,Real Time,R1ICBHCR,-,.R1ICBHCR,,,
S,Russell 1000 Household Goods and Home Construction Sector Index,USD,PDG01RR,Real Time,R1ICBHGC,-,.R1ICBHGC,,,
S,Russell 1000 Household Goods and Home Construction Sector Index - Total Return,USD,PDG01RR,Real Time,R1ICBHGCT,-,.R1ICBHGCT,,,
S,Russell 1000 Industrial Engineering Sector Index,USD,PDG01RR,Real Time,R1ICBIDE,-,.R1ICBIDE,,,
S,Russell 1000 Industrial Engineering Sector Index - Total Return,USD,PDG01RR,Real Time,R1ICBIDET,-,.R1ICBIDET,,,
S,Russell 1000 Industrial Goods and Services Supersector Index,USD,PDG01RR,Real Time,R1ICBIGS,-,.R1ICBIGS,,,
S,Russell 1000 Industrial Materials Sector Index,USD,PDG01RR,Real Time,R1ICBIDM,-,.R1ICBIDM,,,
S,Russell 1000 Industrial Materials Sector Index - Total Return,USD,PDG01RR,Real Time,R1ICBIDMT,-,.R1ICBIDMT,,,
S,Russell 1000 Industrial Metals and Mining Sector Index,USD,PDG01RR,Real Time,R1ICBIMM,-,.R1ICBIMM,,,
S,Russell 1000 Industrial Metals and Mining Sector Index - Total Return,USD,PDG01RR,Real Time,R1ICBIMMT,-,.R1ICBIMMT,,,
S,Russell 1000 Industrial Support Services Sector Index,USD,PDG01RR,Real Time,R1ICBISS,-,.R1ICBISS,,,
S,Russell 1000 Industrial Support Services Sector Index - Total Return,USD,PDG01RR,Real Time,R1ICBISST,-,.R1ICBISST,,,
S,Russell 1000 Industrial Transportation Sector Index,USD,PDG01RR,Real Time,R1ICBIDT,-,.R1ICBIDT,,,
S,Russell 1000 Industrial Transportation Sector Index - Total Return,USD,PDG01RR,Real Time,R1ICBIDTT,-,.R1ICBIDTT,,,
S,Russell 1000 Industrials 40 Act 15/22.5 Daily Capped Index,USD,PDG01RR,Real Time,RIYJC,-,.RIYJC,,,
S,Russell 1000 Industrials 40 Act 15/22.5 Daily Capped Total Return Index,USD,PDG01RR,Real Time,RIYJCT,RIYJC1,.RIYJCT,,,
S,Russell 1000 Industrials Industry Index,USD,PDG01RR,Real Time,R1ICBIN,-,.R1ICBIN,,,
S,Russell 1000 Insurance Supersector Index,USD,PDG01RR,Real Time,R1ICBINS,-,.R1ICBINS,,,
S,Russell 1000 Insurance Supersector Index - Total Return,USD,PDG01RR,Real Time,R1ICBINST,-,.R1ICBINST,,,
S,Russell 1000 Investment Banking and Brokerage Services  Sector Index,USD,PDG01RR,Real Time,R1ICBIBS,-,.R1ICBIBS,,,
S,Russell 1000 Investment Banking and Brokerage Services  Sector Index - Total Return,USD,PDG01RR,Real Time,R1ICBIBST,-,.R1ICBIBST,,,
S,Russell 1000 Leisure Goods Sector Index,USD,PDG01RR,Real Time,R1ICBLGD,-,.R1ICBLGD,,,
S,Russell 1000 Leisure Goods Sector Index - Total Return,USD,PDG01RR,Real Time,R1ICBLGDT,-,.R1ICBLGDT,,,
S,Russell 1000 Life Insurance Sector Index,USD,PDG01RR,Real Time,R1ICBLFI,-,.R1ICBLFI,,,
S,Russell 1000 Life Insurance Sector Index - Total Return,USD,PDG01RR,Real Time,R1ICBLFIT,-,.R1ICBLFIT,,,
S,Russell 1000 Media Sector Index,USD,PDG01RR,Real Time,R1ICBMED,-,.R1ICBMED,,,
S,Russell 1000 Media Sector Index - Total Return,USD,PDG01RR,Real Time,R1ICBMEDT,-,.R1ICBMEDT,,,
S,Russell 1000 Media Supersector Index,USD,PDG01RR,Real Time,R1ICBMIA,-,.R1ICBMIA,,,
S,Russell 1000 Media Supersector Index - Total Return,USD,PDG01RR,Real Time,R1ICBMIAT,-,.R1ICBMIAT,,,
S,Russell 1000 Medical Equipment and Services Sector Index,USD,PDG01RR,Real Time,R1ICBMES,-,.R1ICBMES,,,
S,Russell 1000 Medical Equipment and Services Sector Index - Total Return,USD,PDG01RR,Real Time,R1ICBMEST,-,.R1ICBMEST,,,
S,Russell 1000 Mortgage Real Estate Investment Trusts Sector Index,USD,PDG01RR,Real Time,R1ICBMRI,-,.R1ICBMRI,,,
S,Russell 1000 Mortgage Real Estate Investment Trusts Sector Index - Total Return,USD,PDG01RR,Real Time,R1ICBMRIT,-,.R1ICBMRIT,,,
S,Russell 1000 Non-life Insurance Sector Index,USD,PDG01RR,Real Time,R1ICBNLI,-,.R1ICBNLI,,,
S,Russell 1000 Non-life Insurance Sector Index - Total Return,USD,PDG01RR,Real Time,R1ICBNLIT,-,.R1ICBNLIT,,,
S,Russell 1000 Oil Gas and Coal Sector Index,USD,PDG01RR,Real Time,R1ICBOGC,-,.R1ICBOGC,,,
S,Russell 1000 Oil Gas and Coal Sector Index - Total Return,USD,PDG01RR,Real Time,R1ICBOGCT,-,.R1ICBOGCT,,,
S,"Russell 1000 Personal Care, Drug and Grocery Stores  Sector Index",USD,PDG01RR,Real Time,R1ICBPDG,-,.R1ICBPDG,,,
S,"Russell 1000 Personal Care, Drug and Grocery Stores  Sector Index - Total Return",USD,PDG01RR,Real Time,R1ICBPDGT,-,.R1ICBPDGT,,,
S,"Russell 1000 Personal Care, Drug and Grocery Stores  Supersector Index",USD,PDG01RR,Real Time,R1ICBPCD,-,.R1ICBPCD,,,
S,"Russell 1000 Personal Care, Drug and Grocery Stores  Supersector Index - Total Return",USD,PDG01RR,Real Time,R1ICBPCDT,-,.R1ICBPCDT,,,
S,Russell 1000 Personal Goods Sector Index,USD,PDG01RR,Real Time,R1ICBPGD,-,.R1ICBPGD,,,
S,Russell 1000 Personal Goods Sector Index - Total Return,USD,PDG01RR,Real Time,R1ICBPGDT,-,.R1ICBPGDT,,,
S,Russell 1000 Pharmaceuticals and Biotechnology Sector Index,USD,PDG01RR,Real Time,R1ICBPHB,-,.R1ICBPHB,,,
S,Russell 1000 Pharmaceuticals and Biotechnology Sector Index - Total Return,USD,PDG01RR,Real Time,R1ICBPHBT,-,.R1ICBPHBT,,,
S,Russell 1000 Real Estate  Supersector Index,USD,PDG01RR,Real Time,R1ICBREA,-,.R1ICBREA,,,
S,Russell 1000 Real Estate  Supersector Index - Total Return,USD,PDG01RR,Real Time,R1ICBREAT,-,.R1ICBREAT,,,
S,Russell 1000 Real Estate Industry Index,USD,PDG01RR,Real Time,R1ICBRE,-,.R1ICBRE,,,
S,Russell 1000 Real Estate Industry Index - Total Return,USD,PDG01RR,Real Time,R1ICBRETR,-,.R1ICBRETR,,,
S,Russell 1000 Real Estate Investment and Services Sector Index,USD,PDG01RR,Real Time,R1ICBRES,-,.R1ICBRES,,,
S,Russell 1000 Real Estate Investment and Services Sector Index - Total Return,USD,PDG01RR,Real Time,R1ICBREST,-,.R1ICBREST,,,
S,Russell 1000 Real Estate Investment Trusts Sector Index,USD,PDG01RR,Real Time,R1ICBREI,-,.R1ICBREI,,,
S,Russell 1000 Real Estate Investment Trusts Sector Index - Total Return,USD,PDG01RR,Real Time,R1ICBREIT,-,.R1ICBREIT,,,
S,Russell 1000 Retail  Supersector Index,USD,PDG01RR,Real Time,R1ICBRTL,-,.R1ICBRTL,,,
S,Russell 1000 Retail  Supersector Index - Total Return,USD,PDG01RR,Real Time,R1ICBRTLT,-,.R1ICBRTLT,,,
S,Russell 1000 Retailers  Sector Index,USD,PDG01RR,Real Time,R1ICBRET,-,.R1ICBRET,,,
S,Russell 1000 Retailers  Sector Index - Total Return,USD,PDG01RR,Real Time,R1ICBRETT,-,.R1ICBRETT,,,
S,Russell 1000 Software and Computer Services Sector Index,USD,PDG01RR,Real Time,R1ICBSCS,-,.R1ICBSCS,,,
S,Russell 1000 Software and Computer Services Sector Index - Total Return,USD,PDG01RR,Real Time,R1ICBSCST,-,.R1ICBSCST,,,
S,Russell 1000 Technology Hardware and Equipment Sector Index,USD,PDG01RR,Real Time,R1ICBTHE,-,.R1ICBTHE,,,
S,Russell 1000 Technology Hardware and Equipment Sector Index - Total Return,USD,PDG01RR,Real Time,R1ICBTHET,-,.R1ICBTHET,,,
S,Russell 1000 Technology Industry Index,USD,PDG01RR,Real Time,R1ICBTE,-,.R1ICBTE,,,
S,Russell 1000 Technology RIC 22.5/45 Capped Index,USD,PDG01RR,Real Time,RIYWC,-,.RIYWC,,,
S,Russell 1000 Technology RIC 22.5/45 Capped Total Return Index,USD,PDG01RR,Real Time,RIYWCT,RIYWC1,.RIYWCT,,,
S,Russell 1000 Technology Supersector Index,USD,PDG01RR,Real Time,R1ICBTEC,-,.R1ICBTEC,,,
S,Russell 1000 Telecommunications Equipment Sector Index,USD,PDG01RR,Real Time,R1ICBTEQ,-,.R1ICBTEQ,,,
S,Russell 1000 Telecommunications Equipment Sector Index - Total Return,USD,PDG01RR,Real Time,R1ICBTEQT,-,.R1ICBTEQT,,,
S,Russell 1000 Telecommunications Industry Index,USD,PDG01RR,Real Time,R1ICBTELE,-,.R1ICBTELE,,,
S,Russell 1000 Telecommunications Industry Index - Total Return,USD,PDG01RR,Real Time,R1ICBTELET,-,.R1ICBTELET,,,
S,Russell 1000 Telecommunications RIC 22.5/45 Capped Index,USD,PDG01RR,Real Time,RIYZC,-,.RIYZC,,,
S,Russell 1000 Telecommunications RIC 22.5/45 Capped Total Return Index,USD,PDG01RR,Real Time,RIYZCT,RIYZC1,.RIYZCT,,,
S,Russell 1000 Tobacco Sector Index,USD,PDG01RR,Real Time,R1ICBTOB,-,.R1ICBTOB,,,
S,Russell 1000 Tobacco Sector Index - Total Return,USD,PDG01RR,Real Time,R1ICBTOBT,-,.R1ICBTOBT,,,
S,Russell 1000 Travel and Leisure Sector Index,USD,PDG01RR,Real Time,R1ICBTVL,-,.R1ICBTVL,,,
S,Russell 1000 Travel and Leisure Sector Index - Total Return,USD,PDG01RR,Real Time,R1ICBTVLT,-,.R1ICBTVLT,,,
S,Russell 1000 Travel and Leisure Supersector Index,USD,PDG01RR,Real Time,R1ICBTLE,-,.R1ICBTLE,,,
S,Russell 1000 Travel and Leisure Supersector Index - Total Return,USD,PDG01RR,Real Time,R1ICBTLET,-,.R1ICBTLET,,,
S,Russell 1000 Utilities Industry Index,USD,PDG01RR,Real Time,R1ICBUT,-,.R1ICBUT,,,
S,Russell 1000 Utilities RIC 22.5/45 Capped Index,USD,PDG01RR,Real Time,RIDUC,-,.RIDUC,,,
S,Russell 1000 Utilities RIC 22.5/45 Capped Total Return Index,USD,PDG01RR,Real Time,RIDUCT,RIDUC1,.RIDUCT,,,
S,Russell 1000 Utilities Supersector Index,USD,PDG01RR,Real Time,R1ICBUTI,-,.R1ICBUTI,,,
S,Russell 1000®,USD,PDG01RR,Real Time,RUI,RIY,.RUI,,,
S,Russell 1000® Defensive Index,USD,PDG01RR,Real Time,RU1000DF,RU1000DF,.RU1000DF,,,
S,Russell 1000® Dividend Growth Index,USD,PDG01RR,Real Time,R1DIVGRO,-,.R1DIVGRO,,,
S,Russell 1000® Equal Weight Consumer Discretionary Index,USD,PDG01RR,Real Time,R1EWCD,-,.R1EWCD,,,
S,Russell 1000® Equal Weight Consumer Discretionary Index,USD,PDG01RR,Real Time,R1EWCDTR,R1EWCDTR,.R1EWCDTR,,,
S,Russell 1000® Equal Weight Consumer Staples Index,USD,PDG01RR,Real Time,R1EWCS,-,.R1EWCS,,,
S,Russell 1000® Equal Weight Consumer Staples Index,USD,PDG01RR,Real Time,R1EWCSTR,R1EWCSTR,.R1EWCSTR,,,
S,Russell 1000® Equal Weight Energy Index,USD,PDG01RR,Real Time,R1EWENG,-,.R1EWENG,,,
S,Russell 1000® Equal Weight Energy Index,USD,PDG01RR,Real Time,R1EWETR,R1EWETR,.R1EWETR,,,
S,Russell 1000® Equal Weight Financial Services Index,USD,PDG01RR,Real Time,R1EWFS,-,.R1EWFS,,,
S,Russell 1000® Equal Weight Financial Services Index,USD,PDG01RR,Real Time,R1EWFSTR,R1EWFSTR,.R1EWFSTR,,,
S,Russell 1000® Equal Weight Health Care Index,USD,PDG01RR,Real Time,R1EWHC,-,.R1EWHC,,,
S,Russell 1000® Equal Weight Health Care Index,USD,PDG01RR,Real Time,R1EWHCTR,R1EWHCTR,.R1EWHCTR,,,
S,Russell 1000® Equal Weight Index,USD,PDG01RR,Real Time,R1ELC,RUR1ELC,.R1ELC,,,
S,Russell 1000® Equal Weight Materials & Processing Index,USD,PDG01RR,Real Time,R1EWMP,-,.R1EWMP,,,
S,Russell 1000® Equal Weight Materials & Processing Index,USD,PDG01RR,Real Time,R1EWMPTR,R1EWMPTR,.R1EWMPTR,,,
S,Russell 1000® Equal Weight Producer Durables Index,USD,PDG01RR,Real Time,R1EWPD,-,.R1EWPD,,,
S,Russell 1000® Equal Weight Producer Durables Index,USD,PDG01RR,Real Time,R1EWPDTR, R1EWPDTR,.R1EWPDTR,,,
S,Russell 1000® Equal Weight Technology Index,USD,PDG01RR,Real Time,R1EWTEC,-,.R1EWTEC,,,
S,Russell 1000® Equal Weight Technology Index,USD,PDG01RR,Real Time,R1EWTTR,R1EWTTR,.R1EWTTR,,,
S,Russell 1000® Equal Weight Utilities Index,USD,PDG01RR,Real Time,R1EWUTIL,-,.R1EWUTIL,,,
S,Russell 1000® Equal Weight Utilities Index,USD,PDG01RR,Real Time,R1EWUTR,R1EWUTR,.R1EWUTR,,,
S,Russell 1000® ex Tobacco,USD,PDG01RR,Real Time,RUR1XTOB,-,.RUR1XTOB,,,
S,Russell 1000® Growth,USD,PDG01RR,Real Time,RLG,RLG,.RLG,,,
S,Russell 1000® Growth Net,USD,PDG01RR,Real Time,RLGNET,RU1GN30U,.RLGNET,,,
S,Russell 1000® Growth Total Return,USD,PDG01RR,Real Time,RLGTR,RU10GRTR,.RLGTRI,,,
S,Russell 1000® Pure Domestic Exposure Index,USD,PDG101,Real Time,R1DE,-,.FTR1DE,,,
S,Russell 1000® Pure Domestic Exposure Index Total Return,USD,PDG101,Real Time,R1DE,R1DERTR,.TRIR1DE,,,
S,Russell 1000® Pure Growth Price,USD,PDG01RR,Real Time,R1KPGROP,R1KPGROP,.R1KPGROP,,,
S,Russell 1000® Pure Value Price,USD,PDG01RR,Real Time,R1KPVALP,R1KPVALP,.R1KPVALP,,,
S,Russell 1000® Total Return,USD,PDG01RR,Real Time,RUITR,RU10INTR,.RUITR,,,
S,Russell 1000® Value,USD,PDG01RR,Real Time,RLV,RLV,.RLV,,,
S,Russell 1000® Value Net Return,USD,PDG01RR,Real Time,RLVNET,RU1VN30U,.RLVNET,,,
S,Russell 1000® Value Total Return,USD,PDG01RR,Real Time,RLVTR,RU10VATR,.RLVTRI,,,
S,Russell 2000 2x Daily Leveraged Total Return Index,USD,PDG01RR,Real Time,R2L2XTR,R2L2XTR,-,,,
S,Russell 2000 2x Daily Short Total Return Index,USD,PDG01RR,Real Time,R2S2XTR,R2S2XTR,-,,,
S,Russell 2000 Aerospace and Defense Sector Index,USD,PDG01RR,Real Time,R2ICBAOD,-,.R2ICBAOD,,,
S,Russell 2000 Aerospace and Defense Sector Index - Total Return,USD,PDG01RR,Real Time,R2ICBAODT,-,.R2ICBAODT,,,
S,Russell 2000 Alternative Energy Sector Index,USD,PDG01RR,Real Time,R2ICBALE,-,.R2ICBALE,,,
S,Russell 2000 Alternative Energy Sector Index - Total Return,USD,PDG01RR,Real Time,R2ICBALET,-,.R2ICBALET,,,
S,Russell 2000 Automobiles and Parts Sector Index,USD,PDG01RR,Real Time,R2ICBAUP,-,.R2ICBAUP,,,
S,Russell 2000 Automobiles and Parts Sector Index - Total Return,USD,PDG01RR,Real Time,R2ICBAUPT,-,.R2ICBAUPT,,,
S,Russell 2000 Automobiles and Parts Supersector Index,USD,PDG01RR,Real Time,R2ICBAPS,-,.R2ICBAPS,,,
S,Russell 2000 Automobiles and Parts Supersector Index - Total Return,USD,PDG01RR,Real Time,R2ICBAPST,-,.R2ICBAPST,,,
S,Russell 2000 Banks Sector Index,USD,PDG01RR,Real Time,R2ICBBAN,-,.R2ICBBAN,,,
S,Russell 2000 Banks Sector Index - Total Return,USD,PDG01RR,Real Time,R2ICBBANT,-,.R2ICBBANT,,,
S,Russell 2000 Banks Supersector Index,USD,PDG01RR,Real Time,R2ICBBNK,-,.R2ICBBNK,,,
S,Russell 2000 Banks Supersector Index - Total Return,USD,PDG01RR,Real Time,R2ICBBNKT,-,.R2ICBBNKT,,,
S,Russell 2000 Basic Materials Industry Index,USD,PDG01RR,Real Time,R2ICBBM,-,.R2ICBBM,,,
S,Russell 2000 Basic Resources Supersector Index,USD,PDG01RR,Real Time,R2ICBBR,-,.R2ICBBR,,,
S,Russell 2000 Beverages Sector Index,USD,PDG01RR,Real Time,R2ICBBEV,-,.R2ICBBEV,,,
S,Russell 2000 Beverages Sector Index - Total Return,USD,PDG01RR,Real Time,R2ICBBEVT,-,.R2ICBBEVT,,,
S,Russell 2000 Chemicals Sector Index,USD,PDG01RR,Real Time,R2ICBCHE,-,.R2ICBCHE,,,
S,Russell 2000 Chemicals Sector Index - Total Return,USD,PDG01RR,Real Time,R2ICBCHET,-,.R2ICBCHET,,,
S,Russell 2000 Chemicals Supersector Index,USD,PDG01RR,Real Time,R2ICBCML,-,.R2ICBCML,,,
S,Russell 2000 Chemicals Supersector Index - Total Return,USD,PDG01RR,Real Time,R2ICBCMLT,-,.R2ICBCMLT,,,
S,Russell 2000 Construction and Materials  Sector Index,USD,PDG01RR,Real Time,R2ICBCOM,-,.R2ICBCOM,,,
S,Russell 2000 Construction and Materials  Sector Index - Total Return,USD,PDG01RR,Real Time,R2ICBCOMT,-,.R2ICBCOMT,,,
S,Russell 2000 Construction and Materials Supersector Index,USD,PDG01RR,Real Time,R2ICBCMA,-,.R2ICBCMA,,,
S,Russell 2000 Construction and Materials Supersector Index - Total Return,USD,PDG01RR,Real Time,R2ICBCMAT,-,.R2ICBCMAT,,,
S,Russell 2000 Consumer Discretionary Industry Index,USD,PDG01RR,Real Time,R2ICBCD,-,.R2ICBCD,,,
S,Russell 2000 Consumer Products and Services Supersector Index,USD,PDG01RR,Real Time,R2ICBCPS,-,.R2ICBCPS,,,
S,Russell 2000 Consumer Products and Services Supersector Index - Total Return,USD,PDG01RR,Real Time,R2ICBCPST,-,.R2ICBCPST,,,
S,Russell 2000 Consumer Services  Sector Index,USD,PDG01RR,Real Time,R2ICBCSV,-,.R2ICBCSV,,,
S,Russell 2000 Consumer Services  Sector Index - Total Return,USD,PDG01RR,Real Time,R2ICBCSVT,-,.R2ICBCSVT,,,
S,Russell 2000 Consumer Staples  Industry Index,USD,PDG01RR,Real Time,R2ICBCS,-,.R2ICBCS,,,
S,Russell 2000 Daily Short Total Return Index,USD,PDG01RR,Real Time,R2S1XTR,R2S1XTR,-,,,
S,Russell 2000 Electronic and Electrical Equipment Sector Index,USD,PDG01RR,Real Time,R2ICBEEE,-,.R2ICBEEE,,,
S,Russell 2000 Electronic and Electrical Equipment Sector Index - Total Return,USD,PDG01RR,Real Time,R2ICBEEET,-,.R2ICBEEET,,,
S,Russell 2000 Energy Industry Index,USD,PDG01RR,Real Time,R2ICBEN,-,.R2ICBEN,,,
S,Russell 2000 Energy Supersector Index,USD,PDG01RR,Real Time,R2ICBENY,-,.R2ICBENY,,,
S,Russell 2000 Finance and Credit Services Sector Index,USD,PDG01RR,Real Time,R2ICBFCS,-,.R2ICBFCS,,,
S,Russell 2000 Finance and Credit Services Sector Index - Total Return,USD,PDG01RR,Real Time,R2ICBFCST,-,.R2ICBFCST,,,
S,Russell 2000 Financial Services  Supersector Index,USD,PDG01RR,Real Time,R2ICBFSV,-,.R2ICBFSV,,,
S,Russell 2000 Financial Services  Supersector Index - Total Return,USD,PDG01RR,Real Time,R2ICBFSVT,-,.R2ICBFSVT,,,
S,Russell 2000 Financials Industry Index,USD,PDG01RR,Real Time,R2ICBFI,-,.R2ICBFI,,,
S,Russell 2000 Food Producers Sector Index,USD,PDG01RR,Real Time,R2ICBFOP,-,.R2ICBFOP,,,
S,Russell 2000 Food Producers Sector Index - Total Return,USD,PDG01RR,Real Time,R2ICBFOPT,-,.R2ICBFOPT,,,
S,"Russell 2000 Food, Beverage and Tobacco  Supersector Index",USD,PDG01RR,Real Time,R2ICBFBT,-,.R2ICBFBT,,,
S,"Russell 2000 Food, Beverage and Tobacco  Supersector Index - Total Return",USD,PDG01RR,Real Time,R2ICBFBTT,-,.R2ICBFBTT,,,
S,Russell 2000 General Industrials Sector Index,USD,PDG01RR,Real Time,R2ICBGEI,-,.R2ICBGEI,,,
S,Russell 2000 General Industrials Sector Index - Total Return,USD,PDG01RR,Real Time,R2ICBGEIT,-,.R2ICBGEIT,,,
S,Russell 2000 Health Care Industry Index,USD,PDG01RR,Real Time,R2ICBHC,-,.R2ICBHC,,,
S,Russell 2000 Health Care Providers Sector Index,USD,PDG01RR,Real Time,R2ICBHCP,-,.R2ICBHCP,,,
S,Russell 2000 Health Care Providers Sector Index - Total Return,USD,PDG01RR,Real Time,R2ICBHCPT,-,.R2ICBHCPT,,,
S,Russell 2000 Health Care Supersector Index,USD,PDG01RR,Real Time,R2ICBHCR,-,.R2ICBHCR,,,
S,Russell 2000 Household Goods and Home Construction Sector Index,USD,PDG01RR,Real Time,R2ICBHGC,-,.R2ICBHGC,,,
S,Russell 2000 Household Goods and Home Construction Sector Index - Total Return,USD,PDG01RR,Real Time,R2ICBHGCT,-,.R2ICBHGCT,,,
S,Russell 2000 Industrial Engineering Sector Index,USD,PDG01RR,Real Time,R2ICBIDE,-,.R2ICBIDE,,,
S,Russell 2000 Industrial Engineering Sector Index - Total Return,USD,PDG01RR,Real Time,R2ICBIDET,-,.R2ICBIDET,,,
S,Russell 2000 Industrial Goods and Services Supersector Index,USD,PDG01RR,Real Time,R2ICBIGS,-,.R2ICBIGS,,,
S,Russell 2000 Industrial Materials Sector Index,USD,PDG01RR,Real Time,R2ICBIDM,-,.R2ICBIDM,,,
S,Russell 2000 Industrial Materials Sector Index - Total Return,USD,PDG01RR,Real Time,R2ICBIDMT,-,.R2ICBIDMT,,,
S,Russell 2000 Industrial Metals and Mining Sector Index,USD,PDG01RR,Real Time,R2ICBIMM,-,.R2ICBIMM,,,
S,Russell 2000 Industrial Metals and Mining Sector Index - Total Return,USD,PDG01RR,Real Time,R2ICBIMMT,-,.R2ICBIMMT,,,
S,Russell 2000 Industrial Support Services Sector Index,USD,PDG01RR,Real Time,R2ICBISS,-,.R2ICBISS,,,
S,Russell 2000 Industrial Support Services Sector Index - Total Return,USD,PDG01RR,Real Time,R2ICBISST,-,.R2ICBISST,,,
S,Russell 2000 Industrial Transportation Sector Index,USD,PDG01RR,Real Time,R2ICBIDT,-,.R2ICBIDT,,,
S,Russell 2000 Industrial Transportation Sector Index - Total Return,USD,PDG01RR,Real Time,R2ICBIDTT,-,.R2ICBIDTT,,,
S,Russell 2000 Industrials Industry Index,USD,PDG01RR,Real Time,R2ICBIN,-,.R2ICBIN,,,
S,Russell 2000 Insurance Supersector Index,USD,PDG01RR,Real Time,R2ICBINS,-,.R2ICBINS,,,
S,Russell 2000 Insurance Supersector Index - Total Return,USD,PDG01RR,Real Time,R2ICBINST,-,.R2ICBINST,,,
S,Russell 2000 Investment Banking and Brokerage Services  Sector Index,USD,PDG01RR,Real Time,R2ICBIBS,-,.R2ICBIBS,,,
S,Russell 2000 Investment Banking and Brokerage Services  Sector Index - Total Return,USD,PDG01RR,Real Time,R2ICBIBST,-,.R2ICBIBST,,,
S,Russell 2000 Leisure Goods Sector Index,USD,PDG01RR,Real Time,R2ICBLGD,-,.R2ICBLGD,,,
S,Russell 2000 Leisure Goods Sector Index - Total Return,USD,PDG01RR,Real Time,R2ICBLGDT,-,.R2ICBLGDT,,,
S,Russell 2000 Life Insurance Sector Index,USD,PDG01RR,Real Time,R2ICBLFI,-,.R2ICBLFI,,,
S,Russell 2000 Life Insurance Sector Index - Total Return,USD,PDG01RR,Real Time,R2ICBLFIT,-,.R2ICBLFIT,,,
S,Russell 2000 Media Sector Index,USD,PDG01RR,Real Time,R2ICBMED,-,.R2ICBMED,,,
S,Russell 2000 Media Sector Index - Total Return,USD,PDG01RR,Real Time,R2ICBMEDT,-,.R2ICBMEDT,,,
S,Russell 2000 Media Supersector Index,USD,PDG01RR,Real Time,R2ICBMIA,-,.R2ICBMIA,,,
S,Russell 2000 Media Supersector Index - Total Return,USD,PDG01RR,Real Time,R2ICBMIAT,-,.R2ICBMIAT,,,
S,Russell 2000 Medical Equipment and Services Sector Index,USD,PDG01RR,Real Time,R2ICBMES,-,.R2ICBMES,,,
S,Russell 2000 Medical Equipment and Services Sector Index - Total Return,USD,PDG01RR,Real Time,R2ICBMEST,-,.R2ICBMEST,,,
S,Russell 2000 Mortgage Real Estate Investment Trusts Sector Index,USD,PDG01RR,Real Time,R2ICBMRI,-,.R2ICBMRI,,,
S,Russell 2000 Mortgage Real Estate Investment Trusts Sector Index - Total Return,USD,PDG01RR,Real Time,R2ICBMRIT,-,.R2ICBMRIT,,,
S,Russell 2000 Non-life Insurance Sector Index,USD,PDG01RR,Real Time,R2ICBNLI,-,.R2ICBNLI,,,
S,Russell 2000 Non-life Insurance Sector Index - Total Return,USD,PDG01RR,Real Time,R2ICBNLIT,-,.R2ICBNLIT,,,
S,Russell 2000 Oil Gas and Coal Sector Index,USD,PDG01RR,Real Time,R2ICBOGC,-,.R2ICBOGC,,,
S,Russell 2000 Oil Gas and Coal Sector Index - Total Return,USD,PDG01RR,Real Time,R2ICBOGCT,-,.R2ICBOGCT,,,
S,"Russell 2000 Personal Care, Drug and Grocery Stores  Sector Index",USD,PDG01RR,Real Time,R2ICBPDG,-,.R2ICBPDG,,,
S,"Russell 2000 Personal Care, Drug and Grocery Stores  Sector Index - Total Return",USD,PDG01RR,Real Time,R2ICBPDGT,-,.R2ICBPDGT,,,
S,"Russell 2000 Personal Care, Drug and Grocery Stores  Supersector Index",USD,PDG01RR,Real Time,R2ICBPCD,-,.R2ICBPCD,,,
S,"Russell 2000 Personal Care, Drug and Grocery Stores  Supersector Index - Total Return",USD,PDG01RR,Real Time,R2ICBPCDT,-,.R2ICBPCDT,,,
S,Russell 2000 Personal Goods Sector Index,USD,PDG01RR,Real Time,R2ICBPGD,-,.R2ICBPGD,,,
S,Russell 2000 Personal Goods Sector Index - Total Return,USD,PDG01RR,Real Time,R2ICBPGDT,-,.R2ICBPGDT,,,
S,Russell 2000 Pharmaceuticals and Biotechnology Sector Index,USD,PDG01RR,Real Time,R2ICBPHB,-,.R2ICBPHB,,,
S,Russell 2000 Pharmaceuticals and Biotechnology Sector Index - Total Return,USD,PDG01RR,Real Time,R2ICBPHBT,-,.R2ICBPHBT,,,
S,Russell 2000 Real Estate  Supersector Index,USD,PDG01RR,Real Time,R2ICBREA,-,.R2ICBREA,,,
S,Russell 2000 Real Estate  Supersector Index - Total Return,USD,PDG01RR,Real Time,R2ICBREAT,-,.R2ICBREAT,,,
S,Russell 2000 Real Estate Industry Index,USD,PDG01RR,Real Time,R2ICBRE,RGUSRSPR,.R2ICBRE,,,
S,Russell 2000 Real Estate Industry Index - Total Return,USD,PDG01RR,Real Time,R2ICBRETR,-,.R2ICBRETR,,,
S,Russell 2000 Real Estate Investment and Services Sector Index,USD,PDG01RR,Real Time,R2ICBRES,-,.R2ICBRES,,,
S,Russell 2000 Real Estate Investment and Services Sector Index - Total Return,USD,PDG01RR,Real Time,R2ICBREST,-,.R2ICBREST,,,
S,Russell 2000 Real Estate Investment Trusts Sector Index,USD,PDG01RR,Real Time,R2ICBREI,-,.R2ICBREI,,,
S,Russell 2000 Real Estate Investment Trusts Sector Index - Total Return,USD,PDG01RR,Real Time,R2ICBREIT,-,.R2ICBREIT,,,
S,Russell 2000 Retail  Supersector Index,USD,PDG01RR,Real Time,R2ICBRTL,-,.R2ICBRTL,,,
S,Russell 2000 Retail  Supersector Index - Total Return,USD,PDG01RR,Real Time,R2ICBRTLT,-,.R2ICBRTLT,,,
S,Russell 2000 Retailers  Sector Index,USD,PDG01RR,Real Time,R2ICBRET,-,.R2ICBRET,,,
S,Russell 2000 Retailers  Sector Index - Total Return,USD,PDG01RR,Real Time,R2ICBRETT,-,.R2ICBRETT,,,
S,Russell 2000 Software and Computer Services Sector Index,USD,PDG01RR,Real Time,R2ICBSCS,-,.R2ICBSCS,,,
S,Russell 2000 Software and Computer Services Sector Index - Total Return,USD,PDG01RR,Real Time,R2ICBSCST,-,.R2ICBSCST,,,
S,Russell 2000 Technology Hardware and Equipment Sector Index,USD,PDG01RR,Real Time,R2ICBTHE,-,.R2ICBTHE,,,
S,Russell 2000 Technology Hardware and Equipment Sector Index - Total Return,USD,PDG01RR,Real Time,R2ICBTHET,-,.R2ICBTHET,,,
S,Russell 2000 Technology Industry Index,USD,PDG01RR,Real Time,R2ICBTE,-,.R2ICBTE,,,
S,Russell 2000 Technology Supersector Index,USD,PDG01RR,Real Time,R2ICBTEC,-,.R2ICBTEC,,,
S,Russell 2000 Telecommunications Equipment Sector Index,USD,PDG01RR,Real Time,R2ICBTEQ,-,.R2ICBTEQ,,,
S,Russell 2000 Telecommunications Equipment Sector Index - Total Return,USD,PDG01RR,Real Time,R2ICBTEQT,-,.R2ICBTEQT,,,
S,Russell 2000 Telecommunications Industry Index,USD,PDG01RR,Real Time,R2ICBTELE,-,.R2ICBTELE,,,
S,Russell 2000 Telecommunications Industry Index - Total Return,USD,PDG01RR,Real Time,R2ICBTELET,-,.R2ICBTELET,,,
S,Russell 2000 Tobacco Sector Index,USD,PDG01RR,Real Time,R2ICBTOB,-,.R2ICBTOB,,,
S,Russell 2000 Tobacco Sector Index - Total Return,USD,PDG01RR,Real Time,R2ICBTOBT,-,.R2ICBTOBT,,,
S,Russell 2000 Travel and Leisure Sector Index,USD,PDG01RR,Real Time,R2ICBTVL,-,.R2ICBTVL,,,
S,Russell 2000 Travel and Leisure Sector Index - Total Return,USD,PDG01RR,Real Time,R2ICBTVLT,-,.R2ICBTVLT,,,
S,Russell 2000 Travel and Leisure Supersector Index,USD,PDG01RR,Real Time,R2ICBTLE,-,.R2ICBTLE,,,
S,Russell 2000 Travel and Leisure Supersector Index - Total Return,USD,PDG01RR,Real Time,R2ICBTLET,-,.R2ICBTLET,,,
S,Russell 2000 Utilities Industry Index,USD,PDG01RR,Real Time,R2ICBUT,-,.R2ICBUT,,,
S,Russell 2000 Utilities Supersector Index,USD,PDG01RR,Real Time,R2ICBUTI,-,.R2ICBUTI,,,
S,Russell 2000 Value Price Return Index - Basic Materials,USD,PDG01RR,Real Time,RU2000V55,RU2V55P,.RU2000V55,,,
S,Russell 2000 Value Price Return Index - Consumer Discretionary,USD,PDG01RR,Real Time,RU2000V40,RU2V40P,.RU2000V40,,,
S,Russell 2000 Value Price Return Index - Consumer Staples ,USD,PDG01RR,Real Time,RU2000V45,RU2V45P,.RU2000V45,,,
S,Russell 2000 Value Price Return Index - Energy,USD,PDG01RR,Real Time,RU2000V60,RU2V60P,.RU2000V60,,,
S,Russell 2000 Value Price Return Index - Financials,USD,PDG01RR,Real Time,RU2000V30,RU2V30P,.RU2000V30,,,
S,Russell 2000 Value Price Return Index - Health Care ,USD,PDG01RR,Real Time,RU2000V20,RU2V20P,.RU2000V20,,,
S,Russell 2000 Value Price Return Index - Industrials,USD,PDG01RR,Real Time,RU2000V50,RU2V50P,.RU2000V50,,,
S,Russell 2000 Value Price Return Index - Real Estate,USD,PDG01RR,Real Time,RU2000V35,RU2V35P,.RU2000V35,,,
S,Russell 2000 Value Price Return Index - Technology,USD,PDG01RR,Real Time,RU2000V10,RU2V10P,.RU2000V10,,,
S,Russell 2000 Value Price Return Index - Telecommunications,USD,PDG01RR,Real Time,RU2000V15,RU2V15P,.RU2000V15,,,
S,Russell 2000 Value Price Return Index - Utilities,USD,PDG01RR,Real Time,RU2000V65,RU2V65P,.RU2000V65,,,
S,Russell 2000 Value Total Return Index - Basic Materials,USD,PDG01RR,Real Time,RU2000V55T,-,.RU2000V55T,,,
S,Russell 2000 Value Total Return Index - Consumer Discretionary,USD,PDG01RR,Real Time,RU2000V40T,-,.RU2000V40T,,,
S,Russell 2000 Value Total Return Index - Consumer Staples ,USD,PDG01RR,Real Time,RU2000V45T,-,.RU2000V45T,,,
S,Russell 2000 Value Total Return Index - Energy,USD,PDG01RR,Real Time,RU2000V60T,-,.RU2000V60T,,,
S,Russell 2000 Value Total Return Index - Financials,USD,PDG01RR,Real Time,RU2000V30T,-,.RU2000V30T,,,
S,Russell 2000 Value Total Return Index - Health Care ,USD,PDG01RR,Real Time,RU2000V20T,-,.RU2000V20T,,,
S,Russell 2000 Value Total Return Index - Industrials,USD,PDG01RR,Real Time,RU2000V50T,-,.RU2000V50T,,,
S,Russell 2000 Value Total Return Index - Real Estate,USD,PDG01RR,Real Time,RU2000V35T,-,.RU2000V35T,,,
S,Russell 2000 Value Total Return Index - Technology,USD,PDG01RR,Real Time,RU2000V10T,-,.RU2000V10T,,,
S,Russell 2000 Value Total Return Index - Telecommunications,USD,PDG01RR,Real Time,RU2000V15T,-,.RU2000V15T,,,
S,Russell 2000 Value Total Return Index - Utilities,USD,PDG01RR,Real Time,RU2000V65T,-,.RU2000V65T,,,
S,Russell 2000®,USD,PDG01RR,Real Time,RUT,RTY,.RUT,,,
S,Russell 2000® Dividend Growth Index,USD,PDG01RR,Real Time,R2DIVGRO,-,.R2DIVGRO,,,
S,Russell 2000® Dividend Growth Index,USD,PDG01RR,Real Time,R2DIVGRP,R2DIVGRP,.R2DIVGRP,,,
S,Russell 2000® Equal Weight Index,USD,PDG01RR,Real Time,R2ESC,RUR2ESC,.R2ESC,,,
S,Russell 2000® Growth,USD,PDG01RR,Real Time,RUO,RUO,.RUO,,,
S,Russell 2000® Growth Total Return,USD,PDG01RR,Real Time,RUOTR,RU20GRTR,.RUOTRI,,,
S,Russell 2000® Net Index,USD,PDG01RR,Real Time,RUTNR,-,.RUTNU,,,
S,Russell 2000® Pure Growth Price,USD,PDG01RR,Real Time,R2KPGROP,R2KPGROP,.R2KPGROP,,,
S,Russell 2000® Pure Value Price,USD,PDG01RR,Real Time,R2KPVALP,R2KPVALP,.R2KPVALP,,,
S,Russell 2000® Total Return,USD,PDG01RR,Real Time,RUTTR,RU20INTR,.RUTTU,,,
S,Russell 2000® Value,USD,PDG01RR,Real Time,RUJ,RUJ,.RUJ,,,
S,Russell 2000® Value Total Return,USD,PDG01RR,Real Time,RUJTR,RU20VATR,.RUJTRI,,,
S,Russell 2500,USD,PDG01RR,Real Time,R25I,R2500,.R25I,,,
S,Russell 2500 Growth,USD,PDG01RR,Real Time,R25IG,R2500G,.R25IG,,,
S,Russell 2500 Price Return Index - Real Estate,USD,PDG01RR,Real Time,RU25ICBRE,RU25ICBP,.RU25ICBRE,,,
S,Russell 2500 Price Return Index - Telecommunications,USD,PDG01RR,Real Time,RU25ICBTELE,R25ICPTE,.RU25ICBTELE,,,
P,Russell 2500 Total Return Index,USD,PDG01RR,Real Time,R25ITR,R25ITR,.R25ITR,,,
S,Russell 2500 Total Return Index - Real Estate,USD,PDG01RR,Real Time,RU25ICBRETR,-,.RU25ICBRETR,,,
S,Russell 2500 Total Return Index - Telecommunications,USD,PDG01RR,Real Time,RU25ICBTELET,-,.RU25ICBTELET,,,
S,Russell 2500 Value,USD,PDG01RR,Real Time,R25IV,R2500V,.R25IV,,,
S,Russell 2500 Value Price Return Index - Basic Materials,USD,PDG01RR,Real Time,RU2500V55,RU25V55P,.RU2500V55,,,
S,Russell 2500 Value Price Return Index - Consumer Discretionary,USD,PDG01RR,Real Time,RU2500V40,RU25V40P,.RU2500V40,,,
S,Russell 2500 Value Price Return Index - Consumer Staples ,USD,PDG01RR,Real Time,RU2500V45,RU25V45P,.RU2500V45,,,
S,Russell 2500 Value Price Return Index - Energy,USD,PDG01RR,Real Time,RU2500V60,RU25V60P,.RU2500V60,,,
S,Russell 2500 Value Price Return Index - Financials,USD,PDG01RR,Real Time,RU2500V30,RU25V30P,.RU2500V30,,,
S,Russell 2500 Value Price Return Index - Health Care ,USD,PDG01RR,Real Time,RU2500V20,RU25V20P,.RU2500V20,,,
S,Russell 2500 Value Price Return Index - Industrials,USD,PDG01RR,Real Time,RU2500V50,RU25V50P,.RU2500V50,,,
S,Russell 2500 Value Price Return Index - Real Estate,USD,PDG01RR,Real Time,RU2500V35,RU25V35P,.RU2500V35,,,
S,Russell 2500 Value Price Return Index - Technology,USD,PDG01RR,Real Time,RU2500V10,RU25V10P,.RU2500V10,,,
S,Russell 2500 Value Price Return Index - Telecommunications,USD,PDG01RR,Real Time,RU2500V15,RU25V15P,.RU2500V15,,,
S,Russell 2500 Value Price Return Index - Utilities,USD,PDG01RR,Real Time,RU2500V65,RU25V65P,.RU2500V65,,,
S,Russell 2500 Value Total Return Index - Basic Materials,USD,PDG01RR,Real Time,RU2500V55T,-,.RU2500V55T,,,
S,Russell 2500 Value Total Return Index - Consumer Discretionary,USD,PDG01RR,Real Time,RU2500V40T,-,.RU2500V40T,,,
S,Russell 2500 Value Total Return Index - Consumer Staples ,USD,PDG01RR,Real Time,RU2500V45T,-,.RU2500V45T,,,
S,Russell 2500 Value Total Return Index - Energy,USD,PDG01RR,Real Time,RU2500V60T,-,.RU2500V60T,,,
S,Russell 2500 Value Total Return Index - Financials,USD,PDG01RR,Real Time,RU2500V30T,-,.RU2500V30T,,,
S,Russell 2500 Value Total Return Index - Health Care ,USD,PDG01RR,Real Time,RU2500V20T,-,.RU2500V20T,,,
S,Russell 2500 Value Total Return Index - Industrials,USD,PDG01RR,Real Time,RU2500V50T,-,.RU2500V50T,,,
S,Russell 2500 Value Total Return Index - Real Estate,USD,PDG01RR,Real Time,RU2500V35T,-,.RU2500V35T,,,
S,Russell 2500 Value Total Return Index - Technology,USD,PDG01RR,Real Time,RU2500V10T,-,.RU2500V10T,,,
S,Russell 2500 Value Total Return Index - Telecommunications,USD,PDG01RR,Real Time,RU2500V15T,-,.RU2500V15T,,,
S,Russell 2500 Value Total Return Index - Utilities,USD,PDG01RR,Real Time,RU2500V65T,-,.RU2500V65T,,,
S,Russell 3000 Coal Subsector Index,USD,PDG01RR,Real Time,R3ICBCOA,-,.R3ICBCOA,,,
S,Russell 3000 Price Return Index - Telecommunications,USD,PDG01RR,Real Time,R3ICBTELE,-,.R3ICBTELE,,,
S,Russell 3000 Total Return Index - Telecommunications,USD,PDG01RR,Real Time,R3ICBTELET,-,.R3ICBTELET,,,
S,Russell 3000®,USD,PDG01RR,Real Time,RUA,RAY,.RUA,,,
S,Russell 3000® Dividend Growth Index,USD,PDG01RR,Real Time,R3DIVGRO,-,.R3DIVGRO,,,
S,Russell 3000® Dividend Growth Index,USD,PDG01RR,Real Time,R3DIVGRP,R3DIVGRP,.R3DIVGRP,,,
S,Russell 3000® Growth,USD,PDG01RR,Real Time,RAG,RAG,.RAG,,,
S,Russell 3000® Growth Total Return,USD,PDG01RR,Real Time,RAGTR,RU30GRTR,.RAGTRI,,,
S,Russell 3000® RGS Ind: Coal,USD,PDG01RR,Real Time,R3RGSCOAL,-,.R3RGSCOAL,,,
S,Russell 3000® Total Return,USD,PDG01RR,Real Time,RUATR,RU30INTR,.RUATU,,,
S,Russell 3000® Value,USD,PDG01RR,Real Time,RAV,RAV,.RAV,,,
S,Russell 3000® Value Total Return,USD,PDG01RR,Real Time,RAVTR,RU30VATR,.RAVTRI,,,
S,Russell Microcap,USD,PDG01RR,Real Time,RUMIC,RMICRO,.RUMIC,,,
S,Russell Microcap Growth,USD,PDG01RR,Real Time,RUMICG,-,.RUMICG,,,
S,Russell Microcap Growth Total  Return,USD,PDG01RR,Real Time,RUMICGTR,-,.RUMICGTR,,,
S,Russell Microcap Price Return Index - Real Estate,USD,PDG01RR,Real Time,RMICICBRE,-,.RMICICBRE,,,
S,Russell Microcap Price Return Index - Telecommunications,USD,PDG01RR,Real Time,RMICICBTELE,-,.RMICICBTELE,,,
S,Russell Microcap Total Return Index - Real Estate,USD,PDG01RR,Real Time,RMICICBRETR,-,.RMICICBRETR,,,
S,Russell Microcap Total Return Index - Telecommunications,USD,PDG01RR,Real Time,RMICICBTELET,-,.RMICICBTELET,,,
S,Russell Microcap Value,USD,PDG01RR,Real Time,RUMICV,-,.RUMICV,,,
S,Russell Microcap Value Total  Return,USD,PDG01RR,Real Time,RUMICVTR,-,.RUMICVTR,,,
S,Russell Midcap Price Return Index - Real Estate,USD,PDR01RR,Real Time,RMCGICBRE,RMICPRRE,.RMCGICBRE,,,
S,Russell Midcap Price Return Index - Telecommunications,USD,PDG01RR,Real Time,RMCGICBTELE,RMCGICBP,.RMCGICBTELE,,,
S,Russell Midcap Total Return Index - Real Estate,USD,PDG01RR,Real Time,RMCGICBRETR,RMIDRET,.RMCGICBRETR,,,
S,Russell Midcap Total Return Index - Telecommunications,USD,PDG01RR,Real Time,RMCGICBTELET,RMIDTELT,.RMCGICBTELET,,,
S,Russell Midcap Value Price Return Index - Basic Materials,USD,PDG01RR,Real Time,RMIDVL55,RMVL55P,.RMIDVL55,,,
S,Russell Midcap Value Price Return Index - Consumer Discretionary,USD,PDG01RR,Real Time,RMIDVL40,RMVL40P,.RMIDVL40,,,
S,Russell Midcap Value Price Return Index - Consumer Staples ,USD,PDG01RR,Real Time,RMIDVL45,RMVL45P,.RMIDVL45,,,
S,Russell Midcap Value Price Return Index - Energy,USD,PDG01RR,Real Time,RMIDVL60,RMVL60P,.RMIDVL60,,,
S,Russell Midcap Value Price Return Index - Financials,USD,PDG01RR,Real Time,RMIDVL30,RMVL30P,.RMIDVL30,,,
S,Russell Midcap Value Price Return Index - Industrials,USD,PDG01RR,Real Time,RMIDVL50,RMVL50P,.RMIDVL50,,,
S,Russell Midcap Value Price Return Index - Real Estate,USD,PDG01RR,Real Time,RMIDVL35,RMVL35P,.RMIDVL35,,,
S,Russell Midcap Value Price Return Index - Technology,USD,PDG01RR,Real Time,RMIDVL10,RMVL10P,.RMIDVL10,,,
S,Russell Midcap Value Price Return Index - Telecommunications,USD,PDG01RR,Real Time,RMIDVL15,RMVL15P,.RMIDVL15,,,
S,Russell Midcap Value Price Return Index - Utilities,USD,PDG01RR,Real Time,RMIDVL65,RMVL65P,.RMIDVL65,,,
S,Russell Midcap Value Total Return Index - Basic Materials,USD,PDG01RR,Real Time,RMIDVL55T,-,.RMIDVL55T,,,
S,Russell Midcap Value Total Return Index - Consumer Discretionary,USD,PDG01RR,Real Time,RMIDVL40T,-,.RMIDVL40T,,,
S,Russell Midcap Value Total Return Index - Consumer Staples ,USD,PDG01RR,Real Time,RMIDVL45T,-,.RMIDVL45T,,,
S,Russell Midcap Value Total Return Index - Energy,USD,PDG01RR,Real Time,RMIDVL60T,-,.RMIDVL60T,,,
S,Russell Midcap Value Total Return Index - Financials,USD,PDG01RR,Real Time,RMIDVL30T,-,.RMIDVL30T,,,
S,Russell Midcap Value Total Return Index - Industrials,USD,PDG01RR,Real Time,RMIDVL50T,-,.RMIDVL50T,,,
S,Russell Midcap Value Total Return Index - Real Estate,USD,PDG01RR,Real Time,RMIDVL35T,-,.RMIDVL35T,,,
S,Russell Midcap Value Total Return Index - Technology,USD,PDG01RR,Real Time,RMIDVL10T,-,.RMIDVL10T,,,
S,Russell Midcap Value Total Return Index - Telecommunications,USD,PDG01RR,Real Time,RMIDVL15T,-,.RMIDVL15T,,,
S,Russell Midcap Value Total Return Index - Utilities,USD,PDG01RR,Real Time,RMIDVL65T,-,.RMIDVL65T,,,
S,Russell Midcap®,USD,PDG01RR,Real Time,RMCC,RMC,.RMCC,,,
S,Russell Midcap® Equal Weight Index,USD,PDG01RR,Real Time,RMEMC,RURMEMC,.RMEMC,,,
S,Russell Midcap® Growth,USD,PDG01RR,Real Time,RMCCG,RDG,.RMCCG,,,
S,Russell Midcap® Pure Growth Price,USD,PDG01RR,Real Time,RMCPGROP,RMCPGROP,.RMCPGROP,,,
S,Russell Midcap® Pure Value Price,USD,PDG01RR,Real Time,RMCPVALP,RMCPVALP,.RMCPVALP,,,
S,Russell Midcap® Value,USD,PDG01RR,Real Time,RMCCV,RMV,.RMCCV,,,
S,Russell Mini 1000,USD,PDG01RR,Real Time,RUIMINI,-,.RUIMINI,,,
S,Russell Mini 2000,USD,PDG01RR,Real Time,RUTMINI,-,.RUTMINI,,,
S,Russell RAFI Developed ex-US Large Company ,USD,PDG01RR,Real Time,RUFDXULU,RUFDXULU,.RUFDXULU,,,
S,Russell RAFI Developed ex-US Large Company NR,USD,PDG01RR,Real Time,RUFDXLNU,RUFDXLNU,.RUFDXLNU,,,
S,Russell RAFI Developed ex-US Large Company TR,USD,PDG01RR,Real Time,RUFDXLTU,RUFDXLTU,.RUFDXLTU,,,
S,Russell RAFI Developed ex-US Small Company ,USD,PDG01RR,Real Time,RUFDXUSU,RUFDXUSU,.RUFDXUSU,,,
S,Russell RAFI Developed ex-US Small Company NR,USD,PDG01RR,Real Time,RUFDXSNU,RUFDXSNU,.RUFDXSNU,,,
S,Russell RAFI Developed ex-US Small Company TR,USD,PDG01RR,Real Time,RUFDXSTU,RUFDXSTU,.RUFDXSTU,,,
S,Russell RAFI Emerging Mkts  ,USD,PDG01RR,Real Time,RUFGEUSD,RUFGEUSD,.RUFGEUSD,,,
S,Russell RAFI Emerging Mkts Large Company ,USD,PDG01RR,Real Time,RUFGELU,RUFGELU,.RUFGELU,,,
S,Russell RAFI Emerging Mkts Large Company NR,USD,PDG01RR,Real Time,RUFGELNU,RUFGELNU,.RUFGELNU,,,
S,Russell RAFI Emerging Mkts Large Company TR,USD,PDG01RR,Real Time,RUFGELTU,RUFGELTU,.RUFGELTU,,,
S,Russell RAFI Global ex-US Select Real Estate Index,USD,PDG01RR,Real Time,RUFGXRE,-,.RUFGXRE,,,
S,Russell RAFI Global ex-US Select Real Estate Index Net Return,USD,PDG01RR,Real Time,RUFGXREN,-,.RUFGXREN,,,
S,Russell RAFI Global ex-US Select Real Estate Index Total Return,USD,PDG01RR,Real Time,RUFGXRET,-,.RUFGXRET,,,
S,Russell RAFI Global Select Real Estate Index,USD,PDG01RR,Real Time,RUFGURE,-,.RUFGURE,,,
S,Russell RAFI Global Select Real Estate Index Net Return,USD,PDG01RR,Real Time,RUFGUREN,-,.RUFGUREN,,,
S,Russell RAFI Global Select Real Estate Index Total Return,USD,PDG01RR,Real Time,RUFGURET,-,.RUFGURET,,,
S,Russell RAFI US  ,USD,PDG01RR,Real Time,RUFUSUSD,RUFUSUSD,.RUFUSUSD,,,
S,Russell RAFI US Large Company ,USD,PDG01RR,Real Time,RUFUSLU,RUFUSLU,.RUFUSLU,,,
S,Russell RAFI US Large Company Total Return,USD,PDG01RR,Real Time,RUFUSLTU,RUFUSLTU,.RUFUSLTU,,,
S,Russell RAFI US Select Real Estate Index,USD,PDG01RR,Real Time,RUFUSRE,-,.RUFUSRE,,,
S,Russell RAFI US Select Real Estate Index Net Return,USD,PDG01RR,Real Time,RUFUSREN,-,.RUFUSREN,,,
S,Russell RAFI US Select Real Estate Index Total Return,USD,PDG01RR,Real Time,RUFUSRET,-,.RUFUSRET,,,
S,Russell RAFI US Small Company ,USD,PDG01RR,Real Time,RUFUSSU,RUFUSSU,.RUFUSSU,,,
S,Russell RAFI US Small Company Total Return,USD,PDG01RR,Real Time,RUFUSSTU,RUFUSSTU,.RUFUSSTU,,,
S,Russell RAFI US Total Return,USD,PDG01RR,Real Time,RUFUSTU,RUFUSTU,.RUFUSTU,,,
S,Russell Small Cap Completeness,USD,PDG01RR,Real Time,RSCC,RSCC,.RSCC,,,
S,Russell Small Cap Completeness Growth,USD,PDG01RR,Real Time,RSCCG,RSCCG,.RSCCG,,,
S,Russell Small Cap Completeness Value,USD,PDG01RR,Real Time,RSCCV,RSCCV,.RSCCV,,,
S,Russell Top 200 Price Return Index - Real Estate,USD,PDG01RR,Real Time,RT2ICBRE,-,.RT2ICBRE,,,
S,Russell Top 200 Price Return Index - Telecommunications,USD,PDG01RR,Real Time,RT2ICBTELE,-,.RT2ICBTELE,,,
S,Russell Top 200 Total Return Index - Real Estate,USD,PDG01RR,Real Time,RT2ICBRETR,-,.RT2ICBRETR,,,
S,Russell Top 200 Total Return Index - Telecommunications,USD,PDG01RR,Real Time,RT2ICBTELET,-,.RT2ICBTELET,,,
S,Russell Top 200®,USD,PDG01RR,Real Time,RT200,R200,.RT200,,,
S,Russell Top 200® Equal Weight Price,USD,PDG01RR,Real Time,RT2EWPR,RT2EWPR,.RT2EWPR,,,
S,Russell Top 200® Growth,USD,PDG01RR,Real Time,RT200G,R200G,.RT200G,,,
S,Russell Top 200® Pure Growth Price,USD,PDG01RR,Real Time,RT2PGROP,RT2PGROP,.RT2PGROP,,,
S,Russell Top 200® Pure Value Price,USD,PDG01RR,Real Time,RT2PVALP,RT2PVALP,.RT2PVALP,,,
S,Russell Top 200® Value,USD,PDG01RR,Real Time,RT200V,R200V,.RT200V,,,
S,Russell Top 50 Mega Cap,USD,PDG01RR,Real Time,RU50,RTOP50,.RU50,,,
P,Russell 2000 SOQ Growth Index,USD,PDG01RR,Real Time,RUOSOQ,-,.RUOSOQ,,,
P,Russell 2000 SOQ Value Index,USD,PDG01RR,Real Time,RUJSOQ,-,.RUJSOQ,,,
P,Russell 2000 SOQ Index,USD,PDG01RR,Real Time,RUTSOQ,-,.RUTSOQ,,,
P,Russell Midcap Value Total Return Index ,USD,PDG01RR,Real Time,-,-,.,,,
P,Russell Top 200 Growth Total Return Index,USD,PDG01RR,Real Time,-,-,.RT200GTR,,,
P,Russell Top 200 Value Total Return Index,USD,PDG01RR,Real Time,-,-,.RT200VTR,,,
P,Russell Top 200 Total Return Index,USD,PDG01RR,Real Time,-,-,.RT200TR,,,
P,Russell Midcap Value Total Return Index ,USD,PDG01RR,Real Time,-,-,.,,,
P,Russell Top 200 Growth Total Return Index,USD,PDG01RR,Real Time,-,-,.RT200GTR,,,
P,Russell Top 200 Value Total Return Index,USD,PDG01RR,Real Time,-,-,.RT200VTR,,,
P,Russell Top 200 Total Return Index,USD,PDG01RR,Real Time,-,-,.RT200TR,,,
S,Russell 1000 2Qual/Val 5% Capped Factor Index,USD,PDG101,Real Time,-,-,-,.TRIR1VQQF,-,.FTR1VQQF
S,Russell 1000 2Qual/Val 5% Capped Factor Index,USD,PDG101,Real Time,-,-,-,-,.TRIR1VQQFN,-
S,Russell 1000 Dividend Select Equal Weight Index,USD,PDG101,Real Time,R1DSEWRT,-,-,.TRIR1DSEW,-,.FTR1DSEW
S,Russell 1000 ex FF ex Weapons ex Tobacco ex Controversies ESG 2Mom/2Qual/2Vol 5% Capped Factor Index,USD,PDG101,Real Time,-,-,-,.TRIR1XLMQVC,-,.FTR1XLMQVC
S,Russell 1000 ex FF ex Weapons ex Tobacco ex Controversies ESG 2Mom/Size/Val/ 5% Capped Factor Index,USD,PDG101,Real Time,-,-,-,.TRIR1XLMSVC,-,.FTR1XLMSVC
S,Russell 1000 ex FF ex Weapons ex Tobacco ex Controversies ESG 2Qual/2Vol 5% Capped Factor Index,USD,PDG101,Real Time,-,-,-,.TRIR1XLQVC,-,.FTR1XLQVC
S,Russell 1000 ex FF ex Weapons ex Tobacco ex Controversies ESG 2Size/2Val 5% Capped Factor Index,USD,PDG101,Real Time,-,-,-,.TRIR1XLSVC,-,.FTR1XLSVC
S,Russell 1000 Green Revenues 50 Index,USD,PDG101,Real Time,R1GR50TR,-,R1GR50PR,.TRIR1GR50,-,.FTR1GR50
S,Russell 1000 Green Revenues 50 Net Tax Index,USD,PDG101,Real Time,-,R1GR50NR,-,-,.TRIR1GR50N,-
S,Russell 1000 Hyper Growth,USD,PDG101,Real Time,-,-,-,.TRIR1HGDI ,-,.FTR1HGDI 
S,Russell 1000 Hyper Growth RIC Capped Index,USD,PDG101,Real Time,-,-,-,.TRIR1HGDIR,-,.FTR1HGDIR
S,Russell 1000 Hyper Growth RIC Capped Total Return Index,USD,PDG101,Real Time,R1HGDIR,-,-,-,-,-
S,Russell 1000 Hyper Growth Total Return Index,USD,PDG101,Real Time,R1HGDI1,-,-,-,-,-
S,Russell 1000 Low Volatility Focused Factor Index,USD,PDG101,Real Time,-,-,R1VFF Index,.TRIR1VFF,-,.FTR1VFF
S,Russell 1000 Low Volatility Focused Factor Net Tax (US RIC) Index,USD,PDG101,Real Time,R1VFFR,-,-,-,.TRIR1VFFR,-
S,Russell 1000 Momentum Focused Factor Index,USD,PDG101,Real Time,-,-,R1MFF Index,.TRIR1MFF,-,.FTR1MFF
S,Russell 1000 Momentum Focused Factor Net Tax (US RIC) Index,USD,PDG101,Real Time,R1MFFR,-,-,-,.TRIR1MFFR,-
S,Russell 1000 Yield Focused Factor Index,USD,PDG101,Real Time,-,-,R1YFF Index,.TRIR1YFF,-,.FTR1YFF
S,Russell 1000 Yield Focused Factor Net Tax (US RIC) Index,USD,PDG101,Real Time,R1YFFR,-,-,-,.TRIR1YFFR,-
S,Russell 2000 Dividend Select Equal Weight Index,USD,PDG101,Real Time,R2DSEWR,-,-,.TRIR2DSEW,-,.FTR2DSEW
S,Russell 2000 Focused Value Select Index,USD,PDG101,Real Time,R2FVSTR1,-,-,.TRIR2FVS,-,.FTR2FVS
S,Russell 3000 Dividend Elite Index,USD,PDG101,Real Time,R3DETR,-,-,.TRIR3DE,-,.FTR3DE
S,Russell Midcap Dividend Select Equal Weight Index,USD,PDG101,Real Time,RMDSEWR,-,-,.TRIRMDSEW,-,.FTRMDSEW
S,Russell US Large Cap Factors Growth Style Index,USD,PDG101,Real Time,STLGTR1,-,-,.TRISTLG,-,.FTSTLG
S,Russell US Large Cap Factors Value Style Index,USD,PDG101,Real Time,STLVTR1,-,-,.TRISTLV,-,.FTSTLV
S,Russell 1000 Invesco Dynamic Multifactor CAD Index,CAD,PDG101,Real Time,,,,.TRIIIMFLUC,.FTIIMFLUC,
S,Russell Artificial Intelligence Index,USD,PDG101,Real Time,,,,.TRIRAII,,.FTRAII
S,Russell 1000 ex Weapons ex Vice Products 2Size/2Val 5% Capped Factor Index,USD,PDG101,Real Time,-,-,-,.TRIR1XSVC,-,.FTR1XSVC
S,Russell 1000 ex Weapons ex Vice Products 2Mom/Size/Val/ 5% Capped Factor Index,USD,PDG101,Real Time,-,-,-,.TRIR1XMSVC,-,.FTR1XMSVC
S,Russell 1000 ex Weapons ex Vice Products 2Qual/2Vol 5% Capped Factor Index,USD,PDG101,Real Time,-,-,-,.TRIR1XQVC,-,.FTR1XQVC
S,Russell 1000 ex Weapons ex Vice Products 2Mom/2Qual/2Vol 5% Capped Factor Index,USD,PDG101,Real Time,-,-,-,.TRIR1XMQVC,-,.FTR1XMQVC
S,Russell 1000 ESG Enhanced Target Exposure Index,USD,PDG101,Real Time,-,-,-,.TRIR1ERTE,-,.FTR1ERTE
S,Russell 2000 ESG Enhanced Target Exposure Index,USD,PDG101,Real Time,-,-,-,.TRIR2ERTE,-,.FTR2ERTE
S,Russell 3000 ESG Enhanced Target Exposure Index,USD,PDG101,Real Time,-,-,-,.TRIR3ERTE,-,.FTR3ERTE
P,Russell 2000 RIC Capped Index,USD,PDG01RR,Real Time,,,.RU2000RC,,,
P,Russell 2000 RIC Capped Total Return Index,USD,PDG01RR,Real Time,,R2RCRT,.RU2000RCT,,,