Pulsed/ Streaming,FTSE Index ,FTSE Code,Base Currency,PDG,Bloomberg Tickers,RIC Codes
S,FTSE Eurozone Government Bill 0-12 Month Index,EMTT12,EUR,PDG01MTS,EMTTYUR,EMTTYUR= 
S,FTSE Eurozone Government Bill 0-3 Month Index,EMTT3,EUR,PDG01MTS,EMTT3UR,EMTT3UR= 
S,FTSE Eurozone Government Bill 0-6 Month Index,EMTT6,EUR,PDG01MTS,EMTT6UR,EMTT6UR= 
S,FTSE Eurozone Government Bill 0-6 Month Capped Index,EMTT6C,EUR,PDG01MTS,EMTT6CR,EMTT6CR= 
S,FTSE Eurozone Government Bill 0-6 Month Capped (Mid Price) Index,EMTT6C_MP,EUR,PDG01MTS,FMMPR6CR,FMMPR6CR= 
S,FTSE Eurozone Target Maturity Government Bond Spain Index,EMTX_10TM_ES,EUR,PDG01MTS,MTSES10R,-
S,FTSE Eurozone Target Maturity Government Bond Spain (Mid Price) Index,EMTX_10TM_ES_MP,EUR,PDG01MTS,FMMPESXR,-
S,FTSE Eurozone Target Maturity Government Bond Italy Index,EMTX_10TM_IT,EUR,PDG01MTS,MTSIT10R,-
S,FTSE Eurozone Target Maturity Government Bond Italy (Mid Price) Index,EMTX_10TM_IT_MP,EUR,PDG01MTS,FMMPITXR,-
S,FTSE Eurozone Target Maturity Government Bond Spain Index,EMTX_1TM_ES,EUR,PDG01MTS,-,MTSES10R= 
S,FTSE Eurozone Target Maturity Government Bond Italy Index,EMTX_1TM_IT,EUR,PDG01MTS,-,MTSIT10R= 
S,FTSE Eurozone Government Bond 1-3Y Index,EMTX_A,EUR,PDG01MTS,EMTXART,EMTXART= 
S,FTSE Eurozone Government Broad 1-3Y Index,EMTX_AG_A,EUR,PDG01MTS,EMTSAR,EMTSART= 
S,FTSE Eurozone Government Broad 3-5Y Index,EMTX_AG_B,EUR,PDG01MTS,EMTSBR,EMTSBRT= 
S,FTSE Eurozone Government Broad 5-7Y Index,EMTX_AG_C,EUR,PDG01MTS,EMTSCR,EMTSCRT= 
S,FTSE Eurozone Government Broad 7-10Y Index,EMTX_AG_D,EUR,PDG01MTS,EMTSDR,EMTSDRT= 
S,FTSE Eurozone Government Broad 10-15Y Index,EMTX_AG_E,EUR,PDG01MTS,EMTSER,EMTSERT= 
S,FTSE Eurozone Government Broad 15Y+ Index,EMTX_AG_F,EUR,PDG01MTS,EMTSFR,EMTSFRT= 
S,FTSE Eurozone Government Broad 15-25Y Index,EMTX_AG_FA,EUR,PDG01MTS,EMTSFAR,EMTSFART= 
S,FTSE Eurozone Government Broad 25Y+ Index,EMTX_AG_FB,EUR,PDG01MTS,EMTSFBR,EMTSFBRT= 
S,FTSE Eurozone Government Broad Index,EMTX_AG_G,EUR,PDG01MTS,EMTSGR,EMTSGRT= 
S,FTSE Eurozone Government Bond 3-5Y Index,EMTX_B,EUR,PDG01MTS,EMTXBRT,EMTXBRT= 
S,FTSE Eurozone Government Bond 5-7Y Index,EMTX_C,EUR,PDG01MTS,EMTXCRT,EMTXCRT= 
S,FTSE Eurozone Government Bond 7-10Y Index,EMTX_D,EUR,PDG01MTS,EMTXDRT,EMTXDRT= 
S,FTSE Eurozone Germany Government 1-3Y Index,EMTX_DE_A,EUR,PDG01MTS,MTSGAR,MTSGART= 
S,FTSE Eurozone Germany Government 3-5Y Index,EMTX_DE_B,EUR,PDG01MTS,MTSGBR,MTSGBRT= 
S,FTSE Eurozone Germany Government 5-7Y Index,EMTX_DE_C,EUR,PDG01MTS,MTSGCR,MTSGCRT= 
S,FTSE Eurozone Germany Government 7-10Y Index,EMTX_DE_D,EUR,PDG01MTS,MTSGDR,MTSGDRT= 
S,FTSE Eurozone Germany Government 15Y+ Index,EMTX_DE_F,EUR,PDG01MTS,MTSGFR,MTSGFRT= 
S,FTSE Eurozone Germany Government Index,EMTX_DE_G,EUR,PDG01MTS,MTSGGR,MTSGGRT= 
S,FTSE Eurozone Denmark Government Bond Index Global Realtime,EMTX_DK_G,EUR,PDG01MTS,MTSDGR,MTSDGRT= 
S,FTSE Eurozone Government Bond 10-15Y Index,EMTX_E,EUR,PDG01MTS,EMTXERT,EMTXERT= 
S,FTSE Eurozone Spain Government 1-3Y Index,EMTX_ES_A,EUR,PDG01MTS,MTSEAR,MTSEAR= 
S,FTSE Eurozone Mid Price Spain Govt 1-3 yrs EUR,EMTX_ES_A_MP,EUR,PDG01MTS,FMMPESGR,FMMPESGR= 
S,FTSE Eurozone Spain Government 3-5Y Index,EMTX_ES_B,EUR,PDG01MTS,MTSEBR,MTSEBR= 
S,FTSE Eurozone Spain Government 5-7Y Index,EMTX_ES_C,EUR,PDG01MTS,MTSECR,MTSECR= 
S,FTSE Eurozone Spain Government 7-10Y Index,EMTX_ES_D,EUR,PDG01MTS,MTSEDR,MTSEDR= 
S,FTSE Eurozone Spain Government 10-15Y Index,EMTX_ES_E,EUR,PDG01MTS,MTSEER,MTSEER= 
S,FTSE Eurozone Spain Government 15Y+ Index,EMTX_ES_F,EUR,PDG01MTS,MTSEFR,MTSEFR= 
S,FTSE Eurozone Spain Government Index,EMTX_ES_G,EUR,PDG01MTS,MTSEGR,MTSEGR= 
S,FTSE Eurozone Spain Government (Mid Price) Index,EMTX_ES_G_MP,EUR,PDG01MTS,-,FMMPESAR= 
S,FTSE Eurozone Government Bond 15Y+ Index,EMTX_F,EUR,PDG01MTS,EMTXFRT,EMTXFRT= 
S,FTSE Eurozone Government Bond 15-25Y Index,EMTX_FA,EUR,PDG01MTS,EMTXFAR,EMTXFART= 
S,FTSE Eurozone Government Bond 25Y+ Index,EMTX_FB,EUR,PDG01MTS,EMTXFBR,EMTXFBRT= 
S,FTSE Eurozone France Government 1-3Y Index,EMTX_FR_A,EUR,PDG01MTS,MTSFAR,MTSFART= 
S,FTSE Eurozone Mid Price France Govt 1-3 yrs EUR,EMTX_FR_A_MP,EUR,PDG01MTS,FMMPFRAR,FMMPFRAR= 
S,FTSE Eurozone France Government 3-5Y Index,EMTX_FR_B,EUR,PDG01MTS,MTSFBR,MTSFBRT= 
S,FTSE Eurozone France Government 5-7Y Index,EMTX_FR_C,EUR,PDG01MTS,MTSFCR,MTSFCRT= 
S,FTSE Eurozone France Government 7-10Y Index,EMTX_FR_D,EUR,PDG01MTS,MTSFDR,MTSFDRT= 
S,FTSE Eurozone France Government 10-15Y Index,EMTX_FR_E,EUR,PDG01MTS,MTSFER,MTSFERT= 
S,FTSE Eurozone France Government 15Y+ Index,EMTX_FR_F,EUR,PDG01MTS,MTSFFR,MTSFFRT= 
S,FTSE Eurozone France Government Index,EMTX_FR_G,EUR,PDG01MTS,MTSFGR,MTSFGRT= 
S,FTSE Eurozone France Government (Mid Price) Index,EMTX_FR_G_MP,EUR,PDG01MTS,-,FMMPFRGR= 
S,FTSE Eurozone Government Bond Index,EMTX_G,EUR,PDG01MTS,EMTXGRT,EMTXGRT= 
S,FTSE Eurozone Italy Government 1-3Y Index,EMTX_IT_A,EUR,PDG01MTS,MTSIAR,MTSIART= 
S,FTSE Eurozone Italy Government 1-3Y (Mid Price) Index,EMTX_IT_A_MP,EUR,PDG01MTS,FMMPITAR,FMMPITAR= 
S,FTSE Eurozone Italy Government 3-5Y Index,EMTX_IT_B,EUR,PDG01MTS,MTSIBR,MTSIBRT= 
S,FTSE Eurozone Italy Government 5-7Y Index,EMTX_IT_C,EUR,PDG01MTS,MTSICR,MTSICRT= 
S,FTSE Eurozone Italy Government 7-10Y Index,EMTX_IT_D,EUR,PDG01MTS,MTSIDR,MTSIDRT= 
S,FTSE Eurozone Italy Government 10-15Y Index,EMTX_IT_E,EUR,PDG01MTS,MTSIER,MTSIERT= 
S,FTSE Eurozone Italy Government 15Y+ Index,EMTX_IT_F,EUR,PDG01MTS,MTSIFR,MTSIFRT= 
S,FTSE Eurozone Italy Government Index,EMTX_IT_G,EUR,PDG01MTS,MTSIGR,MTSIGRT= 
S,FTSE Eurozone Italy Government (Mid Price) Index,EMTX_IT_G_MP,EUR,PDG01MTS,-,FMMPITGR= 
S,FTSE Eurozone Lowest-Rated Eurozone Government Bond Index,EMTX_x3A_G,EUR,PDG01MTS,EMTSXGR,EMTSXGR= 
S,FTSE Eurozone Target Maturity Government Bond Spain (Mid Price) Index,EMTX1TMESMP,EUR,PDG01MTS,-,FMMPESXR= 
S,FTSE Eurozone Target Maturity Government Bond Italy (Mid Price) Index,EMTX1TMITMP,EUR,PDG01MTS,-,FMMPITXR= 
S,FTSE Eurozone Austria Government Index,EMTXa_AT_G,EUR,PDG01MTS,-,MTSATRT= 
S,FTSE Eurozone Belgium Government Index,EMTXa_BE_G,EUR,PDG01MTS,-,MTSBERT= 
S,FTSE Eurozone Finland Government Index,EMTXa_FI_G,EUR,PDG01MTS,-,MTSFIRT= 
S,FTSE Eurozone Ireland Government Index,EMTXa_IE_G,EUR,PDG01MTS,-,MTSAIERT= 
S,FTSE Eurozone Netherlands Government Index,EMTXa_NL_G,EUR,PDG01MTS,-,MTSNLRT= 
S,FTSE Eurozone Portugal Government Index,EMTXa_PT_G,EUR,PDG01MTS,-,MTSPTRT= 
S,FTSE Eurozone Slovenia Government Index,EMTXa_SL_G,EUR,PDG01MTS,MTSVGR,MTSVGR= 
S,FTSE Eurozone Inflation-Linked Bond Break-Even Index,EMTXi_BE,EUR,PDG01MTS,EXIGBER,EXIGBERT= 
S,FTSE Eurozone Inflation-Linked Break-Even Index Mid,EMTXi_BE_MP,EUR,PDG01MTS,FMMPBEIR,FMMPBEIR= 
S,FTSE Eurozone Inflation-Linked Bond EMU HICP Index,EMTXi_EI_G,EUR,PDG01MTS,EXIEIGR,EXIEIGRT= 
S,FTSE Eurozone Inflation-Linked Bond EMU HICP 1-10Y Index,EMTXi_EI_J,EUR,PDG01MTS,EXIEIJR,EXIEIJRT= 
S,FTSE Eurozone Inflation-Linked Bond EMU HICP 10Y+ Index,EMTXi_EI_K,EUR,PDG01MTS,EXIEIKR,EXIEIKRT= 
S,FTSE Eurozone Inflation-Linked Bond France Index,EMTXi_F_G,EUR,PDG01MTS,EXIFGR,EXIFGRT= 
S,FTSE Eurozone Inflation-Linked Bond France FRCPI Index,EMTXi_FI_G,EUR,PDG01MTS,EXIFIGR,EXIFIGRT= 
S,FTSE Eurozone Inflation-Linked Bond Index,EMTXi_G,EUR,PDG01MTS,EMTXIGR,EMTXIGRT= 
S,FTSE Eurozone Inflation Linked Bond Italy EMU HICP Index,EMTXi_I_G,EUR,PDG01MTS,EXIIGR,EXIIGRT= 
S,FTSE Eurozone Inflation-Linked Bond IG Break-Even Index,EMTXi_ig_BE,EUR,PDG01MTS,-,EMIGIBER= 
S,FTSE Eurozone Inflation-Linked Bond IG Index,EMTXi_ig_G,EUR,PDG01MTS,EMIGIGR,EMIGIGR= 
S,FTSE Eurozone Mid Price InvG Inflation-Linked Aggr. All-Maturity EUR,EMTXi_ig_G_MP,EUR,PDG01MTS,FMMPIIGR,-
S,FTSE Eurozone Inflation-Linked Bond 1-10Y Index,EMTXi_J,EUR,PDG01MTS,EMTXIJR,EMTXIJRT= 
S,FTSE Eurozone Inflation-Linked Bond 10Y+ Index,EMTXi_K,EUR,PDG01MTS,EMTXIKR,EMTXIKRT= 
S,FTSE Eurozone Government Bond IG 1-3Y Index,EMTXig_A,EUR,PDG01MTS,EMIEAR,EMIEAR= 
S,FTSE Eurozone Mid Price InvG Ex-CNO Etrix 1-3 yrs EUR,EMTXig_A_MP,EUR,PDG01MTS,FMMPIEAR,FMMPIEAR= 
S,FTSE Eurozone Highest-Rated Eurozone Government Bond 1-3Y Index,EMTXig_AAA_A,EUR,PDG01MTS,EM3AAR,EM3AAR= 
S,FTSE Eurozone FTSE Highest-Rated Eurozone Government 1-3Y Index Mid,EMTXig_AAA_A_MP,EUR,PDG01MTS,FMMP3AAR,-
S,FTSE Eurozone Highest-Rated Eurozone Government Bond 3-5Y Index,EMTXig_AAA_B,EUR,PDG01MTS,EM3ABR,EM3ABR= 
S,FTSE Eurozone Highest-Rated Eurozone Government Bond 5-7Y Index,EMTXig_AAA_C,EUR,PDG01MTS,EM3ACR,EM3ACR= 
S,FTSE Eurozone Highest-Rated Eurozone Government Bond 7-10Y Index,EMTXig_AAA_D,EUR,PDG01MTS,EM3ADR,EM3ADR= 
S,FTSE Eurozone Highest-Rated Eurozone Government Bond 10-15Y Index,EMTXig_AAA_E,EUR,PDG01MTS,EM3AER,EM3AER= 
S,FTSE Eurozone Highest-Rated Eurozone Government Bond 15Y+ Index,EMTXig_AAA_F,EUR,PDG01MTS,EM3AFR,EM3AFR= 
S,FTSE Eurozone Highest-Rated Eurozone Government Bond 15-25Y Index,EMTXig_AAA_FA,EUR,PDG01MTS,EM3AFAR,-
S,FTSE Eurozone Highest-Rated Eurozone Government Bond 25Y+ Index,EMTXig_AAA_FB,EUR,PDG01MTS,EM3AFBR,-
S,FTSE Eurozone Highest-Rated Eurozone Government Bond Index,EMTXig_AAA_G,EUR,PDG01MTS,EM3AGR,EM3AGRT= 
S,FTSE Eurozone FTSE Highest-Rated Government Bond Index Mid,EMTXig_AAA_G_MP,EUR,PDG01MTS,FMMP3AGR,-
S,FTSE Eurozone Government Broad IG 1-3Y Index,EMTXig_AG_A,EUR,PDG01MTS,EMIGAR,EMIGAR= 
S,FTSE Eurozone Government Broad IG 1-3Y (Mid Price) Index,EMTXig_AG_A_MP,EUR,PDG01MTS,FMMPIBAR,-
S,FTSE Eurozone Government Broad IG 3-5Y Index,EMTXig_AG_B,EUR,PDG01MTS,EMIGBR,EMIGBR= 
S,FTSE Eurozone Government Broad IG 3-5Y (Mid Price) Index,EMTXig_AG_B_MP,EUR,PDG01MTS,FMMPIBBR,-
S,FTSE Eurozone Government Broad IG 5-7Y Index,EMTXig_AG_C,EUR,PDG01MTS,EMIGCR,EMIGCR= 
S,FTSE Eurozone Government Broad IG 5-7Y (Mid Price) Index,EMTXig_AG_C_MP,EUR,PDG01MTS,FMMPIBCR,-
S,FTSE Eurozone Government Broad IG 7-10Y Index,EMTXig_AG_D,EUR,PDG01MTS,EMIGDR,EMIGDR= 
S,FTSE Eurozone Government Broad IG 7-10Y (Mid Price) Index,EMTXig_AG_D_MP,EUR,PDG01MTS,FMMPIBDR,-
S,FTSE Eurozone Government Broad IG 10-15Y Index,EMTXig_AG_E,EUR,PDG01MTS,EMIGER,EMIGER= 
S,FTSE Eurozone Government Broad IG 10-15Y (Mid Price) Index,EMTXig_AG_E_MP,EUR,PDG01MTS,FMMPIBER,-
S,FTSE Eurozone Government Broad IG 15Y+ Index,EMTXig_AG_F,EUR,PDG01MTS,EMIGFR,EMIGFR= 
S,FTSE Eurozone Government Broad IG 15-25Y Index,EMTXig_AG_FA,EUR,PDG01MTS,EMIGFAR,EMIGFAR= 
S,FTSE Eurozone Government Broad IG 25Y+ Index,EMTXig_AG_FB,EUR,PDG01MTS,EMIGFBR,EMIGFBR= 
S,FTSE Eurozone Government Broad IG Index,EMTXig_AG_G,EUR,PDG01MTS,EMIGGR,EMIGGR= 
S,FTSE Eurozone Government Broad IG Index Mid,EMTXig_AG_G_MP,EUR,PDG01MTS,FMMPIBGR,-
S,FTSE Eurozone Inv Grade Eurozone Government Bond 3-5yr Realtime,EMTXig_B,EUR,PDG01MTS,EMIEBR,EMIEBR= 
S,FTSE Eurozone Mid Price InvG Ex-CNO Etrix 3-5 yrs EUR,EMTXig_B_MP,EUR,PDG01MTS,FMMPIEBR,FMMPIEBR= 
S,FTSE Eurozone Inv Grade Eurozone Government Bond 5-7yr Realtime,EMTXig_C,EUR,PDG01MTS,EMIECR,EMIECR= 
S,FTSE Eurozone Mid Price InvG Ex-CNO Etrix 5-7 yrs EUR,EMTXig_C_MP,EUR,PDG01MTS,FMMPIECR,FMMPIECR= 
S,FTSE Eurozone Inv Grade Eurozone Government Bond 7-10yr Realtime,EMTXig_D,EUR,PDG01MTS,EMIEDR,EMIEDR= 
S,FTSE Eurozone Mid Price InvG Ex-CNO Etrix 7-10 yrs EUR,EMTXig_D_MP,EUR,PDG01MTS,FMMPIEDR,FMMPIEDR= 
S,FTSE Eurozone Inv Grade Eurozone Government Bond 10-15yr Realtime,EMTXig_E,EUR,PDG01MTS,EMIEER,EMIEER= 
S,FTSE Eurozone Mid Price InvG Ex-CNO Etrix 10-15 yrs EUR,EMTXig_E_MP,EUR,PDG01MTS,FMMPIEER,FMMPIEER= 
S,FTSE Eurozone Inv Grade Eurozone Government Bond 15+yr Realtime,EMTXig_F,EUR,PDG01MTS,EMIEFR,EMIEFR= 
S,FTSE Eurozone Mid Price InvG Ex-CNO Etrix 15+ yrs EUR,EMTXig_F_MP,EUR,PDG01MTS,FMMPIEFR,FMMPIEFR= 
S,FTSE Eurozone Inv Grade Eurozone Government Bond 15-25yr Realtime,EMTXig_FA,EUR,PDG01MTS,EMIEFAR,EMIEFAR= 
S,FTSE Eurozone Government Bond IG 15-25Y (Mid Price) Index (Ex-CNO Etrix),EMTXig_FA_MP,EUR,PDG01MTS,-,FMIEFAR= 
S,FTSE Eurozone Inv Grade Eurozone Government Bond 25+yr Realtime,EMTXig_FB,EUR,PDG01MTS,EMIEFBR,EMIEFBR= 
S,FTSE Eurozone FTSE Govt IG Ex-CNO Etrix 25Y+ Mid,EMTXig_FB_MP,EUR,PDG01MTS,FMMPI25R,FMMPI25R= 
S,FTSE Eurozone Inv Grade Eurozone Government Bond All Maturity Realtime,EMTXig_G,EUR,PDG01MTS,EMIEGR,EMIEGR= 
S,FTSE Eurozone Mid Price InvG Ex-CNO Etrix All-Maturity EUR,EMTXig_G_MP,EUR,PDG01MTS,FMMPIEGR,FMMPIEGR= 
S,FTSE Eurozone IG Lowest Rated Index 1-3yr Realtime,EMTXig_x3A_A,EUR,PDG01MTS,EMTSIAR,EMTSIAR= 
S,FTSE Eurozone FTSE Lowest-Rated Eurozone Government IG 1-3Y Index Mid,EMTXig_x3A_A_MP,EUR,PDG01MTS,FMMPIXAR,-
S,FTSE Eurozone Investment Grade ex-AAA Govt Realtime Index,EMTXig_x3A_G,EUR,PDG01MTS,EMTSIGR,EMTSIGR= 
S,FTSE Eurozone FTSE Lowest-Rated Government Bond IG Index Mid,EMTXig_x3A_G_MP,EUR,PDG01MTS,FMMPIXGR,-
S,FTSE Eurozone Highest-Rated Eurozone Government Bond 1-3Y (Mid Price) Index,EMTXigAAAAMP,EUR,PDG01MTS,-,FMMP3AAR= 
S,FTSE Eurozone Highest-Rated Eurozone Government Bond 15-25Y Index,EMTXigAAAFA,EUR,PDG01MTS,-,EM3AFAR= 
S,FTSE Eurozone Highest-Rated Eurozone Government Bond 25Y+ Index,EMTXigAAAFB,EUR,PDG01MTS,-,EM3AFBR= 
S,FTSE Eurozone Highest-Rated Eurozone Government Bond (Mid Price) Index,EMTXigAAAGMP,EUR,PDG01MTS,-,FMMP3AGR= 
S,FTSE Eurozone Government Broad IG 1-3Y (Mid Price) Index,EMTXigAGAMP,EUR,PDG01MTS,-,FMMPIBAR= 
S,FTSE Eurozone Government Broad IG 3-5Y (Mid Price) Index,EMTXigAGBMP,EUR,PDG01MTS,-,FMMPIBBR= 
S,FTSE Eurozone Government Broad IG 5-7Y (Mid Price) Index,EMTXigAGCMP,EUR,PDG01MTS,-,FMMPIBCR= 
S,FTSE Eurozone Government Broad IG 7-10Y (Mid Price) Index,EMTXigAGDMP,EUR,PDG01MTS,-,FMMPIBDR= 
S,FTSE Eurozone Government Broad IG 10-15Y (Mid Price) Index,EMTXigAGEMP,EUR,PDG01MTS,-,FMMPIBER= 
S,FTSE Eurozone Government Broad IG (Mid Price) Index,EMTXigAGGMP,EUR,PDG01MTS,-,FMMPIBGR= 
S,FTSE Eurozone Lowest-Rated Govt IG 15-25Y Mid,EMTXigx3A_FA_MP,EUR,PDG01MTS,-,-
S,FTSE Eurozone FTSE Lowest-Rated Govt IG 25Y+ Mid,EMTXigx3A_FB_MP,EUR,PDG01MTS,FMMPIXQR,-
S,FTSE Eurozone Lowest-Rated Eurozone Government Bond IG 1-3Y (Mid Price) Index,EMTXigx3AAMP,EUR,PDG01MTS,-,FMMPIXAR= 
S,FTSE Eurozone Lowest-Rated Eurozone Government Bond IG 15-25Y (Mid Price) Index,EMTXigx3AFAM,EUR,PDG01MTS,-,FMMPIXFAR= 
S,FTSE Eurozone Lowest-Rated Eurozone Government Bond IG 25Y+ (Mid Price) Index,EMTXigx3AFBM,EUR,PDG01MTS,-,FMMPIXQR= 
S,FTSE Eurozone Lowest-Rated Eurozone Government Bond IG (Mid Price) Index,EMTXigx3AGMP,EUR,PDG01MTS,-,FMMPIXGR= 
S,FTSE Eurozone Inflation-Linked Bond IG (Mid Price) Index,EMTXiigGMP,EUR,PDG01MTS,-,FMMPIIGR= 
S,FTSE Eurozone AAA Eurozone MacroWeighted Index 1-3yr Realtime,EMTXm_AAA_A,EUR,PDG01MTS,EAAAAR,EAAAAR= 
S,FTSE Eurozone Mid Price Highest Rated Macro-Weighted 1-3 yrs EUR,EMTXm_AAA_A_MP,EUR,PDG01MTS,FMMPHRAR,-
S,FTSE Eurozone AAA Eurozone MacroWeighted Index 3-5yr Realtime,EMTXm_AAA_B,EUR,PDG01MTS,EAAABR,EAAABR= 
S,FTSE Eurozone Mid Price Highest Rated Macro-Weighted 3-5 yrs EUR,EMTXm_AAA_B_MP,EUR,PDG01MTS,FMMPHRBR,-
S,FTSE Eurozone AAA Eurozone MacroWeighted Index 5-7yr Realtime,EMTXm_AAA_C,EUR,PDG01MTS,EAAACR,EAAACR= 
S,FTSE Eurozone Mid Price Highest Rated Macro-Weighted 5-7 yrs EUR,EMTXm_AAA_C_MP,EUR,PDG01MTS,FMMPHRCR,-
S,FTSE Eurozone AAA Eurozone MacroWeighted Index 7-10yr Realtime,EMTXm_AAA_D,EUR,PDG01MTS,EAAADR,EAAADR= 
S,FTSE Eurozone AAA Eurozone MacroWeighted Index 10-15yr Realtime,EMTXm_AAA_E,EUR,PDG01MTS,EAAAER,EAAAER= 
S,FTSE Eurozone AAA Eurozone MacroWeighted Index 15+yr Realtime,EMTXm_AAA_F,EUR,PDG01MTS,EAAAFR,EAAAFR= 
S,FTSE Eurozone AAA Eurozone MacroWeighted Index All Maturity Realtime,EMTXm_AAA_G,EUR,PDG01MTS,EAAAGR,EAAAGR= 
S,FTSE Eurozone Mid Price Highest Rated Macro-Weighted All-Maturity EUR,EMTXm_AAA_G_MP,EUR,PDG01MTS,FMMPHRGR,-
S,FTSE Eurozone MacroWeighted Index All-Maturity Realtime,EMTXm_AG_G,EUR,PDG01MTS,EAAAGGR,EAAAGGR= 
S,FTSE Eurozone Highest Rated Macro-Weighted Government Bond 1-3Y (Mid Price) Index,EMTXmAAAAMP,EUR,PDG01MTS,-,FMMPHRAR= 
S,FTSE Eurozone Highest Rated Macro-Weighted Government Bond 3-5Y (Mid Price) Index,EMTXmAAABMP,EUR,PDG01MTS,-,FMMPHRBR= 
S,FTSE Eurozone Highest Rated Macro-Weighted Government Bond 5-7Y (Mid Price) Index,EMTXmAAACMP,EUR,PDG01MTS,-,FMMPHRCR= 
S,FTSE Eurozone Highest Rated Macro-Weighted Government Bond (Mid Price) Index,EMTXmAAAGMP,EUR,PDG01MTS,-,FMMPHRGR= 
S,FTSE Eurozone High Yield Index All Maturity Realtime,EMTXy_HY_G,EUR,PDG01MTS,EAAAYR,EAAAYR= 
S,FTSE Eurozone Italy Ex-Bank of Italy Aggregate Index 1-3yr Realtime,xBOI_AGG_A,EUR,PDG01MTS,MTSIAGAR,MTSIAGAR= 
S,FTSE Eurozone FTSE Ex-Bank of Italy 1-3Y Index Mid,xBOI_AGG_A_MP,EUR,PDG01MTS,FMMPAGAR,-
S,FTSE Eurozone Italy Ex-Bank of Italy Aggregate Index 3-5yr Realtime,xBOI_AGG_B,EUR,PDG01MTS,MTSIAGBR,MTSIAGBR= 
S,FTSE Eurozone FTSE Ex-Bank of Italy 3-5Y Index Mid,xBOI_AGG_B_MP,EUR,PDG01MTS,FMMPAGBR,-
S,FTSE Eurozone Italy Ex-Bank of Italy Aggregate Index 5-7yr Realtime,xBOI_AGG_C,EUR,PDG01MTS,MTSIAGCR,MTSIAGCR= 
S,FTSE Eurozone Italy Ex-Bank of Italy Aggregate Index 7-10yr Realtime,xBOI_AGG_D,EUR,PDG01MTS,MTSIAGDR,MTSIAGDR= 
S,FTSE Eurozone Italy Ex-Bank of Italy Aggregate Index 10-15yr Realtime,xBOI_AGG_E,EUR,PDG01MTS,MTSIAGER,MTSIAGER= 
S,FTSE Eurozone Italy Ex-Bank of Italy Aggregate Index 15+yr Realtime,xBOI_AGG_F,EUR,PDG01MTS,MTSIAGFR,MTSIAGFR= 
S,FTSE Eurozone Italy Aggregate E,xBOI_AGG_G,EUR,PDG01MTS,MTSIAGGR,MTSIAGGR= 
S,FTSE Eurozone FTSE Ex-Bank of Italy Index Mid,xBOI_AGG_G_MP,EUR,PDG01MTS,FMMPAGGR,-
S,FTSE Eurozone Italy Ex-Bank of Italy Aggregate Index 5-10yr Realtime,xBOI_AGG_JB,EUR,PDG01MTS,MTSIAGJR,MTSIAGJR= 
S,FTSE Eurozone Italy Ex-Bank of Italy Aggregate Index 10+yr Realtime,xBOI_AGG_K,EUR,PDG01MTS,MTSIAGKR,MTSIAGKR= 
S,FTSE Eurozone Ex-Bank of Italy BOT Index,xBOI_BOT_G,EUR,PDG01MTS,MTSIBOTR,MTSIBOTR= 
S,FTSE Eurozone Mid Price Ex-Bank of Italy BOT EUR,xBOI_BOT_G_MP,EUR,PDG01MTS,FMMPBOTR,-
S,FTSE Eurozone Italy BTP Ex-Bank,xBOI_BTP_G,EUR,PDG01MTS,MTSIBTPR,MTSIBTPR= 
S,FTSE Eurozone FTSE Ex-Bank of Italy BTP Index Mid,xBOI_BTP_G_MP,EUR,PDG01MTS,FMMPBTPR,-
S,FTSE Eurozone Italy BTPi Ex-Bank,xBOI_BTPi_G,EUR,PDG01MTS,MTSIBTIR,MTSIBTIR= 
S,FTSE Eurozone FTSE Ex-Bank of Italy BTPi Index Mid,xBOI_BTPi_G_MP,EUR,PDG01MTS,FMMPITLR,-
S,FTSE Eurozone Italy CCT Ex-Bank,xBOI_CCT_G,EUR,PDG01MTS,MTSICCTR,MTSICCTR= 
S,FTSE Eurozone FTSE Ex-Bank of Italy CCT Index Mid,xBOI_CCT_G_MP,EUR,PDG01MTS,FMMPCCTR,-
S,FTSE Eurozone Italy Composite E,xBOI_CMP_G,EUR,PDG01MTS,MTSICMPR,MTSICMPR= 
S,FTSE Eurozone Italy CTZ Ex-Bank,xBOI_CTZ_G,EUR,PDG01MTS,MTSICTZR,MTSICTZR= 
S,FTSE Eurozone FTSE Ex-Bank of Italy CTZ Index Mid,xBOI_CTZ_G_MP,EUR,PDG01MTS,FMMPCTZR,-
S,FTSE Eurozone Ex-Bank of Italy 1-3Y (Mid Price) Index,xBOIAGGAMP,EUR,PDG01MTS,-,FMMPAGAR= 
S,FTSE Eurozone Ex-Bank of Italy 3-5Y (Mid Price) Index,xBOIAGGBMP,EUR,PDG01MTS,-,FMMPAGBR= 
S,FTSE Eurozone Ex-Bank of Italy (Mid Price) Index,xBOIAGGGMP,EUR,PDG01MTS,-,FMMPAGGR= 
S,FTSE Eurozone Ex-Bank of Italy BOT (Mid Price) Index,xBOIBOTGMP,EUR,PDG01MTS,-,FMMPBOTR= 
S,FTSE Eurozone Ex-Bank of Italy BTP (Mid Price) Index,xBOIBTPGMP,EUR,PDG01MTS,-,FMMPBTPR= 
S,FTSE Eurozone Ex-Bank of Italy BTPi (Mid Price) Index,xBOIBTPiGMP,EUR,PDG01MTS,-,FMMPITLR= 
S,FTSE Eurozone Ex-Bank of Italy CCT (Mid Price) Index,xBOICCTGMP,EUR,PDG01MTS,-,FMMPCCTR= 
S,FTSE Eurozone Ex-Bank of Italy CTZ (Mid Price) Index,xBOICTZGMP,EUR,PDG01MTS,-,FMMPCTZR= 
S,FTSE Eurozone Italy Treasury BOT 6M Realtime,xMTSA_BOT6m,EUR,PDG01MTS,MTSI6R,MTSI6R= 
S,FTSE Eurozone FTSE Italy Short Term - Fixed Coupon Index Index Value Real Time,xMTSA_breve,EUR,PDG01MTS,MTSISR,MTSISR= 
S,FTSE Eurozone FTSE Italy General - Fixed Coupon Index Index Value Real Time,xMTSA_generale,EUR,PDG01MTS,MTSIGNR,-
S,FTSE Eurozone FTSE Italy Long Term - Fixed Coupon Index Index Value Real Time,xMTSA_lungo,EUR,PDG01MTS,MTSILR,MTSILR= 
S,FTSE Eurozone FTSE Italy Medium Term - Fixed Coupon Index Index Value Real Time,xMTSA_medio,EUR,PDG01MTS,MTSIMR,MTSIMR= 
S,FTSE Eurozone FTSE Italy - Monetary Rate Index Index Value Real Time,xMTSA_monetario,EUR,PDG01MTS,MTSITR,-
S,FTSE Eurozone FTSE Italy - STIR Index Index Value Real Time,xMTSA_stir_G,EUR,PDG01MTS,MTSISTR,MTSISTR= 
S,FTSE Eurozone FTSE Italy - Variable Rate Index Index Value Real Time,xMTSA_variable,EUR,PDG01MTS,MTSIVR,-
S,FTSE Eurozone Italy General - Fixed Coupon Index,xMTSAgeneral,EUR,PDG01MTS,-,MTSIGNR= 
S,FTSE Eurozone Italy - Monetary Rate Index,xMTSAmonetar,EUR,PDG01MTS,-,MTSITR= 
S,FTSE Eurozone Italy - Variable Rate Index,xMTSAvariabl,EUR,PDG01MTS,-,MTSIVR= 